event_id;event_date;trading_date;ticker;publisher;studio;is_rockstar;game;franchise;event_type;sentiment;impact_expectation_manual;adj_close;return;market_return;AR_event;CAR_m1_p1;CAR_m5_p5
ATVI_2019_CODMOBILE_LAUNCH;2019-10-01;2019-10-01;ATVI;Activision;TiMi Studios;0;Call of Duty: Mobile;Call of Duty;Release;Positive;Medium;94.1574478149414;-0.0109383851905124;-0.0122583733729132;-0.0011981840899592602;0.005278802884914835;-0.013978853493141197
ATVI_2019_CODMW_RELEASE;2019-10-25;2019-10-25;ATVI;Activision;Infinity Ward;0;Call of Duty: Modern Warfare;Call of Duty;Release;Positive;High;93.72924041748048;0.0034379937184658;0.0040727005061091;-0.00031781684383089606;0.0005261717555668046;-0.0023288403210055993
ATVI_2020_WARCRAFT3_REFORGED;2020-01-28;2020-01-28;ATVI;Activision Blizzard;Blizzard;0;Warcraft III: Reforged;Warcraft;Controversy;Negative;Medium;108.9014892578125;0.012120182897191;0.010053584595046;0.003421765252445799;0.0033708318569849204;-0.024704939561035855
ATVI_2020_Q1_EARNINGS;2020-02-04;2020-02-04;ATVI;Activision Blizzard;;0;;;Earnings;;;104.20091247558594;0.0193260255058727;0.0149804141640821;0.006556072221943593;-0.0291983417582455;-0.04345722871544846
ATVI_2020_WARZONE_LAUNCH;2020-03-10;2020-03-10;ATVI;Activision;Infinity Ward;0;Call of Duty: Warzone;Call of Duty;Release;Positive;High;100.60979461669922;0.0242741390086704;0.0493963062815614;-0.016937133250706848;0.0015694978430039093;-0.03118911799549223
ATVI_2020_Q2_EARNINGS;2020-05-05;2020-05-05;ATVI;Activision Blizzard;;0;;;Earnings;;;116.4049072265625;0.0237955219702279;0.0090405563857973;0.015934271594952844;0.01297221283786909;0.03451427154051701
ATVI_2020_Q3_EARNINGS;2020-08-04;2020-08-04;ATVI;Activision Blizzard;;0;;;Earnings;;;142.39915466308594;0.0278166556971459;0.0036119303819721;0.02444162590991101;0.016682314348007755;0.03260345776557223
ATVI_2020_Q4_EARNINGS;2020-10-29;2020-10-29;ATVI;Activision Blizzard;;0;;;Earnings;;;120.57994842529295;-0.0135347484898732;0.0119473308942383;-0.023798159492048984;-0.0262974014185926;-0.028472618962890155
ATVI_2021_Q1_EARNINGS;2021-02-04;2021-02-04;ATVI;Activision Blizzard;;0;;;Earnings;;;135.09498596191406;-0.0155519833265339;0.0108533222304207;-0.024911304751042244;-0.06577189498022004;-0.022978960738656087
ATVI_2021_Q2_EARNINGS;2021-05-04;2021-05-04;ATVI;Activision Blizzard;;0;;;Earnings;;;133.73065185546875;-0.0291827649426653;-0.0066783376082272;-0.02405390956972269;-0.028184092621277974;-0.02213438219515116
ATVI_2021_LAWSUIT;2021-07-20;2021-07-20;ATVI;Activision Blizzard;;0;;Activision;Controversy;negative;high;137.8071746826172;-0.0012032455336421;0.0151626094378556;-0.014123765128028097;-0.024079906200273705;0.0032373622097104805
ATVI_2021_Q3_EARNINGS;2021-08-03;2021-08-03;ATVI;Activision Blizzard;;0;;;Earnings;;;136.56651306152344;-0.0299077059814978;0.0082034265474622;-0.03707715163252857;-0.030677644547734126;-0.0604029768552622
ATVI_2021_DIABLO2_RESURRECTED;2021-09-23;2021-09-23;ATVI;Activision Blizzard;Blizzard;0;Diablo II: Resurrected;Diablo;Release;Neutral;Medium;125.08039855957033;0.0117879862111536;0.0121347157844948;0.00136972019557958;0.004391592246235997;0.012323990030712634
ATVI_2021_Q4_EARNINGS;2021-11-02;2021-11-02;ATVI;Activision Blizzard;;0;;;Earnings;;;137.09059143066406;-0.0112862149422148;0.0036803630854131;-0.014717797566734104;-0.016267233759503282;-0.03401890388464962
ATVI_2022_MSFT_ACQUISITION_ANN;2022-01-18;2022-01-18;ATVI;Activision Blizzard;Activision Blizzard;0;Corporate;Corporate;Major Announcement;Positive;High;131.14462280273438;0.0266019412605114;-0.0183879456940073;0.041407625509728124;0.07142806686683936;0.10545307353048697
ATVI_2022_Q1_EARNINGS;2022-02-03;2022-02-03;ATVI;Activision Blizzard;;0;;;Earnings;;;134.454833984375;0.0008747228936709;-0.024391082077444;0.020641403538146738;0.06651306353318033;0.0005003532880322147
ATVI_2022_Q2_EARNINGS;2022-04-25;2022-04-25;ATVI;Activision Blizzard;;0;;;Earnings;;;125.67279052734376;0.0004683417440694;0.0056979369853822;-0.0046305654597368195;-0.0092283231442506;0.011888492098067013
ATVI_2022_Q3_EARNINGS;2022-08-02;2022-08-02;ATVI;Activision Blizzard;;0;;;Earnings;;;126.5698471069336;-0.0151294075518034;-0.0066623955507048;-0.0100137267071157;0.009932459742410929;-0.02389076639392971
ATVI_2022_Q4_EARNINGS;2022-11-02;2022-11-02;ATVI;Activision Blizzard;;0;;;Earnings;;;126.52948760986328;0.0189277762148465;-0.0250019848573428;0.039199307373345926;0.03716167456013057;0.03395842504565831
ATVI_2023_Q1_EARNINGS;2023-02-06;2023-02-06;ATVI;Activision Blizzard;;0;;;Earnings;;;110.49577331542967;-0.0151861459015372;-0.0061404630177543;-0.010501790492280227;-0.0037918891555075423;-0.1417420160558715
ATVI_2023_Q2_EARNINGS;2023-04-25;2023-04-25;ATVI;Activision Blizzard;;0;;;Earnings;;;127.76288604736328;0.0001542683232007;-0.0158108588827732;0.01283024610496532;-0.01643593620574757;-0.012373916086278577
ATVI_2023_Q3_EARNINGS;2023-07-19;2023-07-19;ATVI;Activision Blizzard;;0;;;Earnings;;;135.20700073242188;-0.014618157733138;0.002357910335732;-0.016956864416645855;-0.01143071535762311;-0.0031015452966752337
ATVI_EARN_2023Q3;2023-10-04;2023-10-04;ATVI;Activision Blizzard;Earnings;0;;;Earnings;;;119.46773529052734;0.0097868010222406;0.0081097549571607;0.0026947656434645317;0.009936403379092207;0.03495771282406074
EA_2017_SWBF2_CONTROVERSY;2017-11-17;2017-11-17;EA;EA;DICE;0;Star Wars Battlefront II;Star Wars;Controversy;Negative;High;105.9040069580078;-0.0249105275565573;-0.0026259630899742;-0.02313055751508269;-0.02921742914302871;-0.05682830918653355
EA_2017_BATTLEFRONT2_RELEASE;2017-11-17;2017-11-17;EA;Electronic Arts;DICE;0;Battlefront II;Star Wars;Release;negative;high;105.9040069580078;-0.0249105275565573;-0.0026259630899742;-0.02313055751508269;-0.02921742914302871;-0.05682830918653355
EA_2019_APEX_LAUNCH;2019-02-04;2019-02-04;EA;EA;Respawn Entertainment;0;Apex Legends;Apex Legends;Release;Positive;High;86.06040954589844;-0.0305852526641458;0.006776236617404;-0.03657526748999923;0.005394707285166389;0.1128228663564059
EA_2019_ANTHEM_RELEASE;2019-02-22;2019-02-22;EA;EA;BioWare;0;Anthem;Anthem;Release;Negative;High;93.34969329833984;-0.009704555120884;0.0064111023949868;-0.015392822752354943;-0.03081497144591424;-0.09354475145225759
EA_2020_Q1_EARNINGS;2020-02-05;2020-02-05;EA;Electronic Arts;;0;;;Earnings;;;104.93082427978516;0.0070048504073343;0.0112505958978537;-0.002682778272945264;0.020953691251453188;-0.045416855339705124
EA_2020_FIFA_ULTIMATETEAM_REVENUE;2020-05-05;2020-05-05;EA;EA;EA Sports;0;FIFA Ultimate Team;FIFA;Major Announcement;Positive;Medium;116.4049072265625;0.0237955219702279;0.0090405563857973;0.015934271594952844;0.01297221283786909;0.03451427154051701
EA_2020_Q2_EARNINGS;2020-05-05;2020-05-05;EA;Electronic Arts;;0;;;Earnings;;;116.4049072265625;0.0237955219702279;0.0090405563857973;0.015934271594952844;0.01297221283786909;0.03451427154051701
EA_2020_Q3_EARNINGS;2020-07-30;2020-07-30;EA;Electronic Arts;;0;;;Earnings;;;134.8762969970703;0.0195689580993259;-0.0037502519373892;0.022278041284830522;0.035283194142656286;0.053751430915327
EA_2020_Q4_EARNINGS;2020-11-05;2020-11-05;EA;Electronic Arts;;0;;;Earnings;;;124.89122772216795;0.0241003306263167;0.0194601941389629;0.0076282838220310505;-0.04450647448983176;-0.07374233234009062
EA_2021_Q1_EARNINGS;2021-02-02;2021-02-02;EA;Electronic Arts;;0;;;Earnings;;;145.1713104248047;0.0212517950366071;0.0138982234844169;0.009376164939406684;-0.04156654274101335;-0.06498492936516076
EA_2021_Q2_EARNINGS;2021-05-11;2021-05-11;EA;Electronic Arts;;0;;;Earnings;;;137.92620849609375;0.0050482953177708;-0.0086739128027181;0.011826295523346752;0.013011931724146957;0.0015747875658321253
EA_2021_Q3_EARNINGS;2021-08-04;2021-08-04;EA;Electronic Arts;;0;;;Earnings;;;136.67396545410156;0.0007868136204789;-0.0046323879014122;0.004224894626143186;-0.059933613399933666;-0.05621665052530793
EA_2021_Q4_EARNINGS;2021-11-03;2021-11-03;EA;Electronic Arts;;0;;;Earnings;;;136.43531799316406;-0.0047798571051567;0.0064612791953579;-0.01050959088196685;-0.007711221663824659;-0.035734381738657346
EA_2021_BF2042_BAD_RELEASE;2021-11-19;2021-11-19;EA;Electronic Arts;DICE;0;Battlefield 2042;Battlefield;Release;negative;high;129.48155212402344;-0.0359715834556209;-0.0013986655593032;-0.035205853011029076;-0.044256674954611164;-0.14219872590211932
EA_2022_Q1_EARNINGS;2022-02-01;2022-02-01;EA;Electronic Arts;;0;;;Earnings;;;127.2566375732422;-0.0205035710980414;0.0068630035578014;-0.02656529018830682;0.010510654649409312;0.027978782611287476
EA_2022_Q2_EARNINGS;2022-05-10;2022-05-10;EA;Electronic Arts;;0;;;Earnings;;;109.4427261352539;-0.0039271783629323;0.0024578974498534;-0.006348514472301152;0.08442162426302534;0.06582541457568208
EA_2022_Q3_EARNINGS;2022-08-02;2022-08-02;EA;Electronic Arts;;0;;;Earnings;;;126.5698471069336;-0.0151294075518034;-0.0066623955507048;-0.0100137267071157;0.009932459742410929;-0.02389076639392971
EA_2022_FIFA23_RELEASE;2022-09-30;2022-09-30;EA;EA;EA Sports;0;FIFA 23;FIFA;Release;Positive;Medium;113.7939224243164;-0.0149824376627172;-0.0150666957719832;-0.002921436832051016;0.00671159394675996;0.036418685808656676
EA_2022_Q4_EARNINGS;2022-11-01;2022-11-01;EA;Electronic Arts;;0;;;Earnings;;;124.1790542602539;0.002460945872371;-0.0041012306087846;0.0054600780943109065;0.03265051067731782;0.029966904844437148
EA_2023_Q1_EARNINGS;2023-01-31;2023-01-31;EA;Electronic Arts;;0;;;Earnings;;;126.73674011230467;-0.0024034241873438;0.0146424702855101;-0.014894100397371783;-0.10529625375815363;-0.13575144809447146
EA_2023_Q2_EARNINGS;2023-05-09;2023-05-09;EA;Electronic Arts;;0;;;Earnings;;;123.72775268554688;-0.0027830892462807;-0.0045794212772585;0.0006112201015847471;-0.006879778282423855;-0.006290384121601159
EA_2023_Q3_EARNINGS;2023-08-01;2023-08-01;EA;Electronic Arts;;0;;;Earnings;;;134.49562072753906;-0.0016867896721763;-0.0026650876392156;0.0001255129260411894;-0.07338186643888457;-0.10799378993363568
EA_2023_Q4_EARNINGS;2023-11-01;2023-11-01;EA;Electronic Arts;;0;;;Earnings;;;122.49597930908205;-8.083655999691075e-05;0.0105059994863139;-0.009153130209114464;0.025929351946604992;-0.0019911820464658826
EA_2024_Q1_EARNINGS;2024-01-30;2024-01-30;EA;Electronic Arts;;0;;;Earnings;;;136.31201171875;-0.0074325804014759;-0.0006006499345398;-0.007326330665790653;-0.006848413236559646;-0.026892643256161815
EA_2024_Q2_EARNINGS;2024-05-07;2024-05-07;EA;Electronic Arts;;0;;;Earnings;;;129.24005126953125;-0.0024508034392984;0.001343429823275;-0.0039511426688790185;-0.04393258052046679;-0.04306971643721969
EA_2024_Q3_EARNINGS;2024-07-30;2024-07-30;EA;Electronic Arts;;0;;;Earnings;;;148.18829345703125;0.0085897144841633;-0.0049601718780302;0.01229867641315831;0.02839072105863185;0.06271952968897546
EA_2024_Q4_EARNINGS;2024-11-01;2024-11-01;EA;Electronic Arts;;0;;;Earnings;;;150.506591796875;0.0027180413105276;0.0040925095436261;-0.001054139455182521;0.025404635152079205;0.06435153217992108
NTDOY_2017_SWITCH_LAUNCH;2017-03-03;2017-03-03;NTDOY;Nintendo;Nintendo;0;Nintendo Switch;Switch;Release;Positive;High;7.619999885559082;-0.0052219272388812;0.00050387727206;-0.005485151258980803;0.0009690179166147424;0.04012386717943624
NTDOY_2020_Q1_EARNINGS;2020-01-30;2020-01-30;NTDOY;Nintendo;;0;;;Earnings;;;15.100000381469728;-0.009186311794686;0.0031343587926053;-0.011144117572215667;0.00424018944173481;0.059601714702739686
NTDOY_2020_ANIMALCROSSING_RELEASE;2020-03-20;2020-03-20;NTDOY;Nintendo;Nintendo EPD;0;Animal Crossing: New Horizons;Animal Crossing;Release;Positive;High;12.65999984741211;0.0119903769613025;-0.0433595123084619;0.03998437475464172;-0.002157585433059467;0.10740609588030886
NTDOY_2020_Q2_EARNINGS;2020-05-07;2020-05-07;NTDOY;Nintendo;;0;;;Earnings;;;15.619999885559082;0.018252915918254;0.0115046307883139;0.010902899582364218;0.0390497118301429;0.007250003362475735
NTDOY_2020_Q3_EARNINGS;2020-08-06;2020-08-06;NTDOY;Nintendo;;0;;;Earnings;;;16.549999237060547;-0.0018094503488274;0.0064276955596642;-0.005888855674935082;-0.033683111412865424;-0.048023297579280005
NTDOY_2020_Q4_EARNINGS;2020-11-05;2020-11-05;NTDOY;Nintendo;;0;;;Earnings;;;19.229999542236328;0.0283421795547329;0.0194601941389629;0.015867111999591708;0.030980903013459668;-0.06278429711260533
NTDOY_2021_Q1_EARNINGS;2021-02-01;2021-02-01;NTDOY;Nintendo;;0;;;Earnings;;;20.280000686645508;0.0140000343322754;0.0160517676144393;0.0037207082658640405;-0.015526361886334857;0.001327432346064427
NTDOY_2021_Q2_EARNINGS;2021-05-06;2021-05-06;NTDOY;Nintendo;;0;;;Earnings;;;14.649999618530272;-0.001363357713678;0.0081654564660518;-0.0065622455024981;0.02931441236435205;-0.00509815707143201
NTDOY_2021_SWITCH_OLED_ANN;2021-07-06;2021-07-06;NTDOY;Nintendo;Nintendo;0;Nintendo Switch OLED;Switch;Major Announcement;Neutral;Medium;14.520000457763672;0.0041494066015499;-0.0020218560598241;0.005513284537846703;0.0013446156899904176;0.007835977198689129
NTDOY_2021_Q3_EARNINGS;2021-08-05;2021-08-05;NTDOY;Nintendo;;0;;;Earnings;;;11.93000030517578;-0.0189144362765167;0.0060054468134942;-0.022721824857108882;-0.024973138501138456;-0.08361646542854854
NTDOY_2021_Q4_EARNINGS;2021-11-04;2021-11-04;NTDOY;Nintendo;;0;;;Earnings;;;10.81999969482422;-0.0055147443920574;0.0041819423611504;-0.008147413684413057;-0.009947819026127064;0.029839968011566635
NTDOY_2022_Q1_EARNINGS;2022-02-03;2022-02-03;NTDOY;Nintendo;;0;;;Earnings;;;11.5600004196167;-0.009425848839598;-0.024391082077444;0.006348501871824258;-0.004558263300862188;0.04426306882489514
NTDOY_2022_Q2_EARNINGS;2022-05-10;2022-05-10;NTDOY;Nintendo;;0;;;Earnings;;;9.270000457763672;0.0;0.0024578974498534;-0.0015220228069667784;-0.15691875216149398;-0.04565032308833042
NTDOY_2022_Q3_EARNINGS;2022-08-03;2022-08-03;NTDOY;Nintendo;;0;;;Earnings;;;8.529999732971191;0.0466257830953671;0.0156384771631401;0.036612702753862594;0.11304059331562538;0.11830263326886471
NTDOY_2022_Q4_EARNINGS;2022-11-08;2022-11-08;NTDOY;Nintendo;;0;;;Earnings;;;5.369999885559082;-0.0182815189155728;0.0055978928024627;-0.021826357241822858;-0.07018839842253434;0.023420393495142543
NTDOY_2022_POKEMON_SV_RELEASE;2022-11-18;2022-11-18;NTDOY;Nintendo;Game Freak;0;Pokémon Scarlet and Violet;Pokémon;Release;Positive;Medium;5.320000171661377;-0.0166358000534481;0.0047585819088147;-0.019639946145945684;-0.0321603314483513;-0.07002636868191033
NTDOY_2023_Q1_EARNINGS;2023-02-07;2023-02-07;NTDOY;Nintendo;;0;;;Earnings;;;4.460000038146973;0.0136363503361538;0.0128725105980265;0.005405132534375993;-0.007961684038872653;0.04668541883236202
NTDOY_2023_Q2_EARNINGS;2023-05-09;2023-05-09;NTDOY;Nintendo;;0;;;Earnings;;;5.829999923706055;-0.0068143036853257;-0.0045794212772585;-0.0038028173826323334;-0.013706343118177325;-0.028934279462370892
NTDOY_2023_ZELDA_TOTK_RELEASE;2023-05-12;2023-05-12;NTDOY;Nintendo;Nintendo;0;The Legend of Zelda: Tears of the Kingdom;Zelda;Release;positive;high;5.599999904632568;-0.0294627516214736;-0.0015833068345566;-0.028381391357727995;-0.022000513482585367;-0.0700984475250568
NTDOY_2023_Q3_EARNINGS;2023-08-03;2023-08-03;NTDOY;Nintendo;;0;;;Earnings;;;6.25;-0.0264797623479282;-0.0025479738404268;-0.024776954224779484;-0.03675537147303293;-0.0548204511650366
NTDOY_EARN_2023Q2;2023-11-07;2023-11-07;NTDOY;Nintendo;Earnings;0;;;Earnings;;;5.989999771118164;0.0067226828798785;0.0028401189192852;0.004954429288038931;0.0033587525042685727;0.06453998600820152
NTDOY_2023_Q4_EARNINGS;2023-11-07;2023-11-07;NTDOY;Nintendo;;0;;;Earnings;;;5.989999771118164;0.0067226828798785;0.0028401189192852;0.004954429288038931;0.0033587525042685727;0.06453998600820152
NTDOY_2024_Q1_EARNINGS;2024-02-06;2024-02-06;NTDOY;Nintendo;;0;;;Earnings;;;4.21999979019165;-0.0276498521145639;0.0023104108269635;-0.02907686260585306;-0.04653836688907237;0.09315151380427539
NTDOY_2024_Q2_EARNINGS;2024-05-07;2024-05-07;NTDOY;Nintendo;;0;;;Earnings;;;4.78000020980835;0.0346321056737224;0.001343429823275;0.03382803374171734;0.001916660924558106;-0.0117819102620941
NTDOY_2024_Q3_EARNINGS;2024-08-06;2024-08-06;NTDOY;Nintendo;;0;;;Earnings;;;3.700000047683716;0.0;0.010354085880061;-0.006608824125489747;-0.011575562442305324;-0.08687463365249842
NTDOY_2024_Q4_EARNINGS;2024-11-05;2024-11-05;NTDOY;Nintendo;;0;;;Earnings;;;2.900000095367432;0.0;0.0122656445452913;-0.00784026879334095;-0.07573005630318907;-0.025245773014973848
TTWO_2011_GTA5_ANNOUNCEMENT;2011-10-25;2011-10-25;TTWO;Take-Two;Rockstar Games;1;GTA V;GTA;Major Announcement;positive;Medium;15.220000267028809;0.0576789370329091;-0.0200447250836162;0.07596200564559025;0.07745702017499878;0.09576740118478286
GTAV_2011_TRAILER1;2011-11-02;2011-11-02;TTWO;Take-Two;Rockstar;1;GTA V;GTA;Trailer/Reveal;positive;medium;15.640000343322754;0.0228908032925403;0.0161046677655145;0.007216799897375878;0.00030169496493470324;-0.00035773085867013554
GTAV_2012_SCREENSHOTS;2012-07-12;2012-07-12;TTWO;Take-Two;Rockstar;1;GTA V;GTA;Trailer/Reveal;neutral;low;9.100000381469728;-0.0065501601464909;-0.0049870972826125;-0.002411532455403702;-0.037677383456743714;-0.054064687961471215
GTAV_2012_TRAILER2;2012-11-14;2012-11-14;TTWO;Take-Two;Rockstar;1;GTA V;GTA;Trailer/Reveal;positive;medium;11.470000267028809;-0.0034752355393231;-0.0138520357188847;0.008990706363705336;0.025354207507182983;0.09729334884087526
GTAV_2013_DELAY;2013-01-31;2013-01-31;TTWO;Take-Two;Rockstar;1;GTA V;GTA;Delay;negative;medium;12.170000076293944;-0.0681470378810965;-0.0025633010773032;-0.06628521253132469;-0.02303395350702;-0.01753127477530362
TTWO_2013_GTA5_RELEASE;2013-09-17;2013-09-17;TTWO;Take-Two;Rockstar Games;1;GTA V;GTA;Release;positive;high;17.0;-0.0201729322060152;0.0042177393276741;-0.02468090339144196;-0.048348988766887896;-0.03237533790833215
TTWO_2013_GTAONLINE_LAUNCH;2013-10-01;2013-10-01;TTWO;Take-Two;Rockstar Games;1;GTA Online;GTA;Release;Positive;Medium;18.3799991607666;0.0115574619477651;0.007998543475556;0.0034979777609166814;0.0016619276209741789;-0.03081605978483305
TTWO_2014_GTAONLINE_HEISTS;2014-12-09;2014-12-09;TTWO;Take-Two;Rockstar Games;1;GTA Online;GTA;Major Announcement;Positive;Medium;27.11000061035156;0.0207078748293816;-0.0002378235413311;0.020385253860201444;-0.02413545641577454;0.03258964884133213
TTWO_2015_GTA5_PC_RELEASE;2015-04-14;2015-04-14;TTWO;Take-Two;Rockstar Games;1;GTA V;GTA;Release;Positive;Medium;24.93000030517578;0.0076798923126679;0.0016297588743277;0.005602950577056474;-0.012983892622824667;-0.030744063826081046
TTWO_2016_RDR2_ANNOUNCEMENT;2016-10-18;2016-10-18;TTWO;Take-Two;Rockstar Games;1;Red Dead Redemption 2;Red Dead;Trailer/Reveal;Positive;High;45.09000015258789;0.0053512081746287;0.0061604033182458;-0.0009816119450583262;0.030023667734168952;0.053840854729568975
RDR2_2016_TRAILER1;2016-10-20;2016-10-20;TTWO;Take-Two;Rockstar;1;RDR2;Red Dead;Trailer/Reveal;positive;medium;44.97999954223633;0.0171867548745652;-0.0013757239543792;0.017933025060069007;-0.004211367088695088;0.06552118728222177
RDR2_2017_DELAY;2017-02-01;2017-02-01;TTWO;Take-Two;Rockstar;1;RDR2;Red Dead;Delay;negative;medium;54.36000061035156;0.0132339061375454;0.0002983634896507;0.012407615806705142;0.022701158596569435;0.006428236040942212
RDR2_2017_SCREENSHOTS;2017-05-03;2017-05-03;TTWO;Take-Two;Rockstar;1;RDR2;Red Dead;Trailer/Reveal;neutral;low;63.9900016784668;-0.0015602225797711;-0.0012713605313821;-0.0009119865793637919;-0.007105615544538842;0.022376905315045863
TTWO_2017_RDR2_DELAY;2017-05-22;2017-05-22;TTWO;Take-Two;Rockstar Games;1;Red Dead Redemption 2;Red Dead;Delay;Negative;Medium;69.04000091552734;0.0216040107267614;0.0051601311497457;0.01621080013786124;0.06883409170273691;0.08668050584432313
RDR2_2017_TRAILER2;2017-09-28;2017-09-28;TTWO;Take-Two;Rockstar;1;RDR2;Red Dead;Trailer/Reveal;positive;medium;100.88999938964844;0.0075901543700935;0.0012046155961591;0.005912572617391713;0.03796955600322665;-0.031289320168526986
RDR2_2018_GAMEPLAY;2018-08-09;2018-08-09;TTWO;Take-Two;Rockstar;1;RDR2;Red Dead;Trailer/Reveal;positive;high;125.1999969482422;0.0020008003689953;-0.0014416744645237;0.0028090214213166344;0.05982035393129713;0.04211500474793448
TTWO_2018_RDR2_RELEASE;2018-10-26;2018-10-26;TTWO;Take-Two;Rockstar Games;1;Red Dead Redemption 2;Red Dead;Release;Positive;High;120.05999755859376;-0.005302397728501;-0.0173272640399783;0.010428013341010754;0.08006780434402735;0.0800341597964371
TTWO_2020_RDR2_PC_STEAM;2019-12-05;2019-12-05;TTWO;Take-Two;Rockstar Games;1;Red Dead Redemption 2;Red Dead;Release;Positive;Low;123.97000122070312;0.0164808310209831;0.0015002511791302;0.014525542839824036;-0.012365432463819565;0.007311910468509722
TTWO_EARN_Q3_2020;2020-02-06;2020-02-06;TTWO;Take-Two;;1;;;Earnings;;;127.73999786376952;0.0578005598216604;0.0033256728767856;0.05413055470761491;-0.1195879164011896;-0.1343925804346548
TTWO_EARN_Q4_2020;2020-05-20;2020-05-20;TTWO;Take-Two;;1;;;Earnings;;;146.83999633789062;0.0323396419226631;0.0166511002590801;0.01615234505092844;0.022812790198301354;0.032711254088159746
TTWO_EARN_Q1_2021;2020-08-03;2020-08-03;TTWO;Take-Two;;1;;;Earnings;;;167.69000244140625;0.0223753083364692;0.0071810234393261;0.01508376475802806;0.06976494536829514;0.07208005923800774
TTWO_EARN_Q2_2021;2020-11-05;2020-11-05;TTWO;Take-Two;;1;;;Earnings;;;168.67999267578125;0.0302955742615209;0.0194601941389629;0.011469544187431156;0.05899485348987289;-0.07405308734000482
TTWO_2020_CODEMASTERS_LOSS;2020-11-06;2020-11-06;TTWO;Take-Two;; ; ;TTWO;Corporate Event;negative;high;175.19000244140625;0.0385938466225679;-0.0002877151874185;0.038318091564133475;0.04978763575156463;-0.03865947654681034
TTWO_EARN_Q3_2021;2021-02-08;2021-02-08;TTWO;Take-Two;;1;;;Earnings;;;213.33999633789065;0.0281940849672361;0.0073993483603735;0.02069745702967295;-0.039878782089028494;-0.06313904889743124
TTWO_EARN_Q4_2021;2021-05-18;2021-05-18;TTWO;Take-Two;;1;;;Earnings;;;167.69000244140625;-0.0031506287923606;-0.0085172929593646;0.0043041018633753906;0.08525235073960703;0.09336202272648253
TTWO_EARN_Q1_2022;2021-08-02;2021-08-02;TTWO;Take-Two;;1;;;Earnings;;;173.2100067138672;-0.0012108837348363;-0.0018428056148913;-2.585858474019238e-05;-0.08535190466368445;-0.06463400933374785
TTWO_EARN_Q2_2022;2021-11-03;2021-11-03;TTWO;Take-Two;;1;;;Earnings;;;184.1600036621093;0.0011960488082147;0.0064612791953579;-0.005419400230501735;0.03437779523453181;-0.0014100106632013373
TTWO_2022_ZYNGA_ACQUISITION;2022-01-10;2022-01-10;TTWO;Take-Two;; ;Zynga;TTWO;Corporate Event;negative;high;142.99000549316406;-0.1312879696782101;-0.0014410312534549;-0.13048035282869436;-0.10165621042952311;-0.14042176348829602
TTWO_2022_GTA6_DEV-ANNOUNCEMENT;2022-02-04;2022-02-04;TTWO;Take-Two;Rockstar Games;1;GTA VI;GTA;Major Announcement;Neutral;Low;175.0;0.0734878874589923;0.0051569298644233;0.06809768400984312;0.07816422425941727;0.048634595187036576
TTWO_EARN_Q3_2022;2022-02-07;2022-02-07;TTWO;Take-Two;;1;;;Earnings;;;175.10000610351562;0.0005714634486606;-0.0037017126347429;0.003502660098577854;-0.021497084107926185;0.09265270291367107
TTWO_2022_GTA5_NEXTGEN;2022-03-15;2022-03-15;TTWO;Take-Two;Rockstar Games;1;GTA V (PS5/Xbox Series);GTA;Release;Positive;Medium;142.8800048828125;0.0074742455496457;0.0214085741708709;-0.01318200284424466;-0.06299706901406302;-0.08476204130066955
TTWO_2022_GTA_PLUS_SUBSCRIPTION;2022-03-29;2022-03-29;TTWO;Take-Two;Rockstar Games;1;GTA Online;GTA;Major Announcement;Neutral;Medium;158.57000732421875;0.0132268838608227;0.0122565474275304;0.0011676271906485274;-0.003608093915415953;-0.0055487269849153285
TTWO_EARN_Q4_2022;2022-05-16;2022-05-16;TTWO;Take-Two;;1;;;Earnings;;;110.11000061035156;0.0016374083933055;-0.0039464009295556;0.0047984539394714115;0.10309732048847726;0.14016595150699893
TTWO_EARN_Q1_2023;2022-08-08;2022-08-08;TTWO;Take-Two;;1;;;Earnings;;;125.51000213623048;-0.0129757901726967;-0.0012375507238541;-0.012359313545775723;-0.0467598982225306;-0.07329957117579936
GTA6_2022_LEAK;2022-09-18;2022-09-16;TTWO;Take-Two;Rockstar;1;GTA VI;GTA;Leak;negative;high;124.19000244140624;-0.0330140191246353;-0.0071821340894484;-0.026813475118088036;-0.014621478678769962;-0.017802798690116514
TTWO_EARN_Q2_2023;2022-11-07;2022-11-07;TTWO;Take-Two;;1;;;Earnings;;;108.4000015258789;-0.0011978001923903;0.0096139819205598;-0.010774752731478423;-0.15338730946929813;-0.15518890188337195
TTWO_EARN_Q3_2023;2023-02-06;2023-02-06;TTWO;Take-Two;;1;;;Earnings;;;105.55999755859376;-0.0340410071582821;-0.0061404630177543;-0.028818960902378433;0.0370767209600135;-0.021515096640845062
TTWO_EARN_Q4_2023;2023-05-17;2023-05-17;TTWO;Take-Two;;1;;;Earnings;;;125.0199966430664;0.0078193757956128;0.0118908290587882;-0.0038963419101920357;0.10083623888674392;0.07752191898796887
TTWO_EARN_Q1_2024;2023-08-08;2023-08-08;TTWO;Take-Two;;1;;;Earnings;;;140.13999938964844;-0.0073664353313939;-0.0042182830447931;-0.003949996268570705;-0.01922080844020621;-0.041918959053886914
TTWO_EARN_Q2_2024;2023-11-08;2023-11-08;TTWO;Take-Two;;1;;;Earnings;;;143.47000122070312;0.0521413946797226;0.0010049156221052;0.05065140187013846;0.08915978531017466;0.06579828379263689
TTWO_2023_GTA6_TRAILER1;2023-12-05;2023-12-05;TTWO;Take-Two;Rockstar Games;1;GTA VI;GTA;Trailer/Reveal;Positive;High;156.75999450683594;-0.0050774502675421;-0.0005688697261614;-0.005089101722431358;0.004367147263529268;-0.02548821581360556
TTWO_EARN_Q3_2024;2024-02-08;2024-02-08;TTWO;Take-Two;;1;;;Earnings;;;169.60000610351562;0.000176910880469;0.0005705832608251;-0.0009050901454390075;-0.08434873934071388;-0.08279928964001028
GTA6_2024_KEYART;2024-05-16;2024-05-16;TTWO;Take-Two;Rockstar;1;GTA VI;GTA;Trailer/Reveal;positive;medium;146.0800018310547;-0.0135062126909061;-0.0020816677921287;-0.012096811430642593;0.00828290816826165;0.016500456345100632
TTWO_EARN_Q4_2024;2024-05-16;2024-05-16;TTWO;Take-Two;;1;;;Earnings;;;146.0800018310547;-0.0135062126909061;-0.0020816677921287;-0.012096811430642593;0.00828290816826165;0.016500456345100632
TTWO_EARN_Q1_2025;2024-08-08;2024-08-08;TTWO;Take-Two;;1;;;Earnings;;;138.77999877929688;0.0229232745067098;0.0230426115191364;0.0007320868088555831;0.014350036709590525;-0.009299010427703522
TTWO_2025_Q3_EARNINGS;2025-02-07;2025-02-07;TTWO;Take-Two;;1;;;Earnings;;;208.7700042724609;0.1403211830045361;-0.0094647701115428;0.14866592998825248;0.13474639340240313;0.1232345718461736
TTWO_2025_GTA6_DELAY1;2025-05-02;2025-05-02;TTWO;Take-Two;Rockstar Games;1;GTA VI;GTA;Delay;Negative;High;219.5;-0.0666326414549191;0.0147265741296347;-0.08101212726240432;-0.07954624962784264;-0.014453732916670407
TTWO_2025_GTA6_TRAILER2;2025-05-06;2025-05-06;TTWO;Take-Two;Rockstar Games;1;GTA VI;GTA;Trailer/Reveal;Positive;Medium;231.83999633789065;0.0289365737694573;-0.0076932396518555;0.03561722676313755;0.03922857769038601;-0.045242400719099254
TTWO_2025_Q4_EARNINGS;2025-05-15;2025-05-15;TTWO;Take-Two;;1;;;Earnings;;;232.33999633789065;0.0123747117119419;0.0041323320741357;0.007946968160503342;-0.010022073116968226;-0.0014666055644451566
TTWO_2025_Q1_EARNINGS;2025-08-08;2025-08-08;TTWO;Take-Two;;1;;;Earnings;;;217.3699951171875;-0.0402667232760159;0.0077997153489748;-0.04813943749304268;-0.05110522287666877;0.03227725756109251
TTWO_2025_GTA6_DELAY2;2025-11-06;2025-11-06;TTWO;Take-Two;Rockstar Games;1;GTA VI;GTA;Delay;Negative;High;252.3999938964844;-0.0092636232581182;-0.011178189042419;0.000690630426255473;-0.07661248743066221;-0.0639600937088108
UBI_2019_GHOSTRECON_BREAKPOINT_LAUNCH;2019-10-04;2019-10-04;UBSFY;Ubisoft;Ubisoft Paris;0;Tom Clancy's Ghost Recon Breakpoint;Ghost Recon;Release;Negative;High;9.48644733428955;0.0126502112695128;0.0142168975854601;0.0033331289970328845;0.00606825564758603;0.031034731868674732
UBI_2019_UBI_PROFIT_WARNING;2019-10-24;2019-10-24;UBSFY;Ubisoft;Ubisoft;0;Multiple titles;Portfolio;Major Announcement;Negative;High;8.607523918151855;-0.0129105384443681;0.0019204463587332;-0.014399437408238146;-0.05164859780668393;-0.045149535227486236
UBI_2020_Q1_EARNINGS;2020-07-09;2020-07-09;UBSFY;Ubisoft;;0;;;Earnings;;;11.435879707336426;-0.0072016322065895;-0.0056436061593611;-0.0038750938889378196;-0.04888596900170131;-0.013960679730593794
UBI_2020_SKULLBONES_DELAY;2020-07-12;2020-07-10;UBSFY;Ubisoft;Ubisoft Singapore;0;Skull and Bones;Skull and Bones;Delay;negative;medium;11.31539821624756;-0.0105353933560156;0.0104662012732443;-0.017464702300599533;-0.021339796189537352;-0.012560608509890075
UBI_2020_Q2_EARNINGS;2020-10-29;2020-10-29;UBSFY;Ubisoft;;0;;;Earnings;;;13.734906196594238;0.0218956872761113;0.0119473308942383;0.014023459601304487;0.013260436747022791;0.08262198231228342
UBI_2020_AC_VALHALLA_RELEASE;2020-11-10;2020-11-10;UBSFY;Ubisoft;Ubisoft Montreal;0;Assassin's Creed Valhalla;Assassin's Creed;Release;Positive;Medium;12.721675872802734;-0.0285068035105486;-0.001399794593191;-0.027881966216601238;-0.11982682212392272;-0.06676068741396057
UBI_2021_Q1_EARNINGS;2021-02-11;2021-02-11;UBSFY;Ubisoft;;0;;;Earnings;;;15.26956558227539;0.0053315921558354;0.0016624551635393;0.004006935893436451;0.06739250293334725;0.07405859219924005
UBI_2021_Q2_EARNINGS;2021-05-18;2021-05-18;UBSFY;Ubisoft;;0;;;Earnings;;;13.904766082763672;-0.0128996236546291;-0.0085172929593646;-0.0077436349836051905;0.02629560302342451;0.0384937502699058
UBI_2021_Q3_EARNINGS;2021-07-21;2021-07-21;UBSFY;Ubisoft;;0;;;Earnings;;;13.568997383117676;0.0021881290915162;0.0082418199908353;-0.0033250912510903855;-0.025828367805185954;-0.05618594518513474
UBI_2021_Q4_EARNINGS;2021-10-28;2021-10-28;UBSFY;Ubisoft;;0;;;Earnings;;;10.797919273376465;0.0239743786619319;0.0098292815764611;0.017450546390849177;0.024655895919840423;-0.03647640056002312
UBI_2022_Q1_EARNINGS;2022-02-17;2022-02-17;UBSFY;Ubisoft;;0;;;Earnings;;;12.492562294006348;-0.004720802301616;-0.021173138152195;0.008492167547808984;0.012722607382076244;0.03308721879605241
UBI_2022_Q2_EARNINGS;2022-05-12;2022-05-12;UBSFY;Ubisoft;;0;;;Earnings;;;10.98160457611084;0.0127504898165562;-0.0012959645058717;0.01330922666074796;0.020437100921877872;0.014305921344291206
UBI_2022_Q3_EARNINGS;2022-07-21;2022-07-21;UBSFY;Ubisoft;;0;;;Earnings;;;11.060609817504885;-0.0010701690694867;0.0098613727091971;-0.0076144312406280935;0.011007958025405811;-0.042588743985884456
UBI_2023_AC_MIRAGE_ANNOUNCEMENT;2022-09-10;2022-09-09;UBSFY;Ubisoft;Ubisoft Bordeaux;0;Assassin's Creed Mirage;Assassin's Creed;Trailer/Reveal;Positive;Medium;10.092806816101074;0.0098815585177989;0.0152714498163328;-0.00010687421340782946;0.00338641867616833;0.06612391526922816
UBI_2022_SKULL_AND_BONES_DELAY;2022-09-28;2022-09-28;UBSFY;Ubisoft;Ubisoft Singapore;0;Skull and Bones;Skull and Bones;Delay;Negative;Medium;10.2982177734375;0.0032711291081435;0.0196721399262347;-0.00951887687615118;0.0010160599082433257;-0.057566411002616634
UBI_2022_Q4_EARNINGS;2022-10-27;2022-10-27;UBSFY;Ubisoft;;0;;;Earnings;;;9.944672584533691;-0.0213799180897107;-0.0060826106182112;-0.0177739001633646;-0.010469209678841972;-0.021876604992859983
UBI_2023_Q1_EARNINGS;2023-02-16;2023-02-16;UBSFY;Ubisoft;;0;;;Earnings;;;10.033552169799805;0.0190570827182328;-0.0137887414891306;0.027568988038055103;0.028036702124501905;0.007241415083709559
UBI_EARN_FY2023;2023-05-16;2023-05-16;UBSFY;Ubisoft;Earnings;0;;;Earnings;;;10.57670783996582;-0.0009328125437749;-0.006377683373153;0.0028610549964533183;0.018095841856975846;0.02116932256194297
UBI_2023_Q2_EARNINGS;2023-05-25;2023-05-25;UBSFY;Ubisoft;;0;;;Earnings;;;10.38907241821289;-0.004730342346833;0.0087575812659024;-0.010571907325649093;-0.008915567017780944;-0.022992970668737223
UBI_2023_Q3_EARNINGS;2023-07-20;2023-07-20;UBSFY;Ubisoft;;0;;;Earnings;;;11.258119583129885;-0.0043668718911749;-0.0067568962189037;-0.00033158935935432687;-0.011264289481879108;-0.024401495178401216
UBI_2023_ASSASSINSMIRAGE_RELEASE;2023-10-05;2023-10-05;UBSFY;Ubisoft;Ubisoft Montreal;0;Assassin's Creed Mirage;Assassin's Creed;Release;positive;medium;10.260690689086914;0.0166340123262851;-0.0013040301597772;0.017197883937907877;0.01560989353977675;0.007248955475412606
UBI_2023_Q4_EARNINGS;2023-10-26;2023-10-26;UBSFY;Ubisoft;;0;;;Earnings;;;9.99405002593994;-0.0049163934888553;-0.0118325197781096;0.0023501393357815746;0.03080665663758568;0.027221500488785647
UBI_EARN_H1_2024;2023-11-07;2023-11-07;UBSFY;Ubisoft;Earnings;0;;;Earnings;;;10.84334659576416;0.0280898195709429;0.0028401189192852;0.02601543742536824;0.04722438545993077;0.057886448858967335
UBI_2024_Q1_EARNINGS;2024-02-08;2024-02-08;UBSFY;Ubisoft;;0;;;Earnings;;;14.280036926269531;0.0204658074838957;0.0005705832608251;0.019836260179875678;-0.0074168308709277354;0.00320014595522879
UBI_2024_Q2_EARNINGS;2024-05-16;2024-05-16;UBSFY;Ubisoft;;0;;;Earnings;;;13.509743690490724;0.0201342306044598;-0.0020816677921287;0.021193162930875597;0.003606211915992654;0.05089174020851977
