event_id;date;publisher;ticker;studio;is_rockstar;game;franchise;event_type;sentiment;impact_expectation_manual;source_url;notes;adj_close;return;market_return;trading_date;AR_event;CAR_m1_p1;CAR_0_1;CAR_0_3;CAR_0_5;impact_label;impact_label_num;impact_high
TTWO_2011_GTA5_ANNOUNCEMENT;2011-10-25;Take-Two;TTWO;Rockstar Games;1;GTA V;GTA;Major Announcement;positive;Medium;https://www.rockstargames.com/newswire/article/19161;Rockstar announces Grand Theft Auto V with first teaser information.;15.220000267028809;0.0576789370329091;-0.0200447250836162;2011-10-25;0.0759620056455902;0.07745702017499881;0.06880359583814921;0.09579199130668031;0.09579199130668031;High;2;1
GTAV_2011_TRAILER1;2011-11-02;Take-Two;TTWO;Rockstar;1;GTA V;GTA;Trailer/Reveal;positive;medium;https://www.rockstargames.com;GTA V Trailer #1;15.640000343322754;0.0228908032925403;0.0161046677655145;2011-11-02;0.0072167998973758;0.00030169496493469956;0.0056520091220944;0.011005146213563001;-0.0162095190187048;Low;0;0
GTAV_2012_SCREENSHOTS;2012-07-12;Take-Two;TTWO;Rockstar;1;GTA V;GTA;Trailer/Reveal;neutral;low;https://www.rockstargames.com;First screenshot batch;9.100000381469728;-0.0065501601464909;-0.0049870972826125;2012-07-12;-0.0024115324554037;-0.0376773834567437;-0.041531341328965105;-0.041531341328965105;-0.0338952175966287;High;2;1
GTAV_2012_TRAILER2;2012-11-14;Take-Two;TTWO;Rockstar;1;GTA V;GTA;Trailer/Reveal;positive;medium;https://www.rockstargames.com;GTA V Trailer #2;11.470000267028809;-0.0034752355393231;-0.0138520357188847;2012-11-14;0.0089907063637053;0.025354207507182897;0.0169162973482094;0.0377978925617738;0.0607884655658478;Medium;1;0
GTAV_2013_DELAY;2013-01-31;Take-Two;TTWO;Rockstar;1;GTA V;GTA;Delay;negative;medium;https://www.rockstargames.com;Delay to September 2013;12.170000076293944;-0.0681470378810965;-0.0025633010773032;2013-01-31;-0.0662852125313246;-0.023033953507020012;-0.026151056449079106;-0.026151056449079106;-0.035325269160118314;Medium;1;0
TTWO_2013_GTA5_RELEASE;2013-09-17;Take-Two;TTWO;Rockstar Games;1;GTA V;GTA;Release;positive;high;https://www.rockstargames.com/newswire/article/5128;"GTA V official global release; record-breaking sales in 24 hours.";17.0;-0.0201729322060152;0.0042177393276741;2013-09-17;-0.0246809033914419;-0.0483489887668878;-0.0249013182044571;-0.0293547620967787;-0.0293547620967787;High;2;1
TTWO_2013_GTAONLINE_LAUNCH;2013-10-01;Take-Two;TTWO;Rockstar Games;1;GTA Online;GTA;Release;Positive;Medium;https://www.rockstargames.com/newswire/article/5151;Launch of GTA Online as an online component to GTA V.;18.3799991607666;0.0115574619477651;0.007998543475556;2013-10-01;0.0034979777609166;0.0016619276209741008;-0.006214971867843699;-0.0256817027090962;-0.0256817027090962;Low;0;0
TTWO_2014_GTAONLINE_HEISTS;2014-12-09;Take-Two;TTWO;Rockstar Games;1;GTA Online;GTA;Major Announcement;Positive;Medium;https://www.rockstargames.com/newswire/article/52249;"GTA Online Heists trailer; major content update anticipation.";27.11000061035156;0.0207078748293816;-0.0002378235413311;2014-12-09;0.0203852538602014;-0.0241354564157745;0.0145419437600991;0.08353242585793;0.08353242585793;Medium;1;0
TTWO_2015_GTA5_PC_RELEASE;2015-04-14;Take-Two;TTWO;Rockstar Games;1;GTA V;GTA;Release;Positive;Medium;https://www.rockstargames.com/newswire/article/52389;PC release of GTA V with enhanced graphics and features.;24.93000030517578;0.0076798923126679;0.0016297588743277;2015-04-14;0.0056029505770564;-0.012983892622824702;0.0042321983025388;0.0021114593286732;0.0021114593286732;Medium;1;0
TTWO_2016_RDR2_ANNOUNCEMENT;2016-10-18;Take-Two;TTWO;Rockstar Games;1;Red Dead Redemption 2;Red Dead;Trailer/Reveal;Positive;High;https://www.rockstargames.com/newswire/article/50802;Teaser announcement and first trailer for Red Dead Redemption 2.;45.09000015258789;0.0053512081746287;0.0061604033182458;2016-10-18;-0.0009816119450583;0.030023667734168997;-0.0228813899253495;-0.0051929790337533;-0.0051929790337533;High;2;1
RDR2_2016_TRAILER1;2016-10-20;Take-Two;TTWO;Rockstar;1;RDR2;Red Dead;Trailer/Reveal;positive;medium;https://www.rockstargames.com;RDR2 Trailer #1;44.97999954223633;0.0171867548745652;-0.0013757239543792;2016-10-20;0.017933025060069;-0.004211367088695001;0.0176884108915962;0.0176884108915962;0.035497519548052706;Low;0;0
RDR2_2017_DELAY;2017-02-01;Take-Two;TTWO;Rockstar;1;RDR2;Red Dead;Delay;negative;medium;https://www.rockstargames.com;Delay to 2018;54.36000061035156;0.0132339061375454;0.0002983634896507;2017-02-01;0.0124076158067051;0.0227011585965693;0.0194200335782857;-0.003826059614929298;0.002621486073892702;Medium;1;0
NTDOY_2017_SWITCH_LAUNCH;2017-03-03;Nintendo;NTDOY;Nintendo;0;Nintendo Switch;Switch;Release;Positive;High;https://www.nintendo.com/switch/;Global launch of the Nintendo Switch console.;7.619999885559082;-0.0052219272388812;0.00050387727206;2017-03-03;-0.0054851512589808;0.0009690179166146999;-0.0054851512589808;-0.0033125422428451003;-0.0011537511518090002;Low;0;0
RDR2_2017_SCREENSHOTS;2017-05-03;Take-Two;TTWO;Rockstar;1;RDR2;Red Dead;Trailer/Reveal;neutral;low;https://www.rockstargames.com;New screenshots;63.9900016784668;-0.0015602225797711;-0.0012713605313821;2017-05-03;-0.0009119865793637;-0.007105615544538739;-0.0071618926517149;0.0160982017863273;0.010014091539686501;Low;0;0
TTWO_2017_RDR2_DELAY;2017-05-22;Take-Two;TTWO;Rockstar Games;1;Red Dead Redemption 2;Red Dead;Delay;Negative;Medium;https://www.rockstargames.com/newswire/article/60276;Announcement that RDR2 release is delayed into the following year.;69.04000091552734;0.0216040107267614;0.0051601311497457;2017-05-22;0.0162108001378612;0.0688340917027368;0.0688340917027368;0.1388032803014064;0.1193739328614844;High;2;1
RDR2_2017_TRAILER2;2017-09-28;Take-Two;TTWO;Rockstar;1;RDR2;Red Dead;Trailer/Reveal;positive;medium;https://www.rockstargames.com;Trailer #2;100.88999938964844;0.0075901543700935;0.0012046155961591;2017-09-28;0.0059125726173917;0.0379695560032266;0.0151679731513683;0.0151679731513683;-0.0028258362959670004;High;2;1
EA_2017_SWBF2_CONTROVERSY;2017-11-17;EA;EA;DICE;0;Star Wars Battlefront II;Star Wars;Controversy;Negative;High;https://www.polygon.com/2017/11/17/swbf2-controversy;Severe backlash due to lootbox monetization and pay-to-win design.;105.80501556396484;-0.0249103541824531;-0.0026259630899742;2017-11-17;-0.0231303819916758;-0.029217307878258;-0.0231303819916758;-0.0354183460291189;-0.0439548570575968;Medium;1;0
EA_2017_BATTLEFRONT2_RELEASE;2017-11-17;Electronic Arts;EA;DICE;0;Battlefront II;Star Wars;Release;negative;high;https://www.ea.com;Battlefront II microtransaction backlash (-10%);105.80501556396484;-0.0249103541824531;-0.0026259630899742;2017-11-17;-0.0231303819916758;-0.029217307878258;-0.0231303819916758;-0.0354183460291189;-0.0439548570575968;Medium;1;0
RDR2_2018_GAMEPLAY;2018-08-09;Take-Two;TTWO;Rockstar;1;RDR2;Red Dead;Trailer/Reveal;positive;high;https://www.rockstargames.com;Gameplay trailer;125.1999969482422;0.0020008003689953;-0.0014416744645237;2018-08-09;0.0028090214213166;0.059820353931297005;0.0376995011797715;0.0376995011797715;0.0366622332273598;High;2;1
TTWO_2018_RDR2_RELEASE;2018-10-26;Take-Two;TTWO;Rockstar Games;1;Red Dead Redemption 2;Red Dead;Release;Positive;High;https://www.rockstargames.com/newswire/article/54296;Launch of RDR2 with massive sales expectations.;120.05999755859376;-0.005302397728501;-0.0173272640399783;2018-10-26;0.0104280133410107;0.0800678043440273;0.0104280133410107;-0.053421461134488805;0.06977410323774759;High;2;1
EA_2019_APEX_LAUNCH;2019-02-04;EA;EA;Respawn Entertainment;0;Apex Legends;Apex Legends;Release;Positive;High;https://www.ea.com/games/apex-legends/news;Surprise launch of Apex Legends, free-to-play battle royale with strong early adoption.;85.97994232177734;-0.0305854828374718;0.006776236617404;2019-02-04;-0.0365755023740845;0.005394629881702695;0.005394629881702695;-0.07036914970698241;0.08920502658391019;Low;0;0
EA_2019_ANTHEM_RELEASE;2019-02-22;EA;EA;BioWare;0;Anthem;Anthem;Release;Negative;High;https://www.ea.com/games/anthem;Launch of Anthem with significant technical issues and disappointing reception.;93.26242065429688;-0.0097047234558064;0.0064111023949868;2019-02-22;-0.0153929955316263;-0.03081491085876;-0.0153929955316263;-0.0174265404895837;0.0037356787937122974;High;2;1
ATVI_2019_CODMOBILE_LAUNCH;2019-10-01;Activision;ATVI;TiMi Studios;0;Call of Duty: Mobile;Call of Duty;Release;Positive;Medium;https://www.callofduty.com/mobile;Global launch of Call of Duty: Mobile expanding the franchise to mobile.;94.06944274902344;-0.0109382717099132;-0.0122583733729132;2019-10-01;-0.0011980614320283;0.0052788771579175;-0.0126327252237529;-0.017333082961396403;-0.017333082961396403;Low;0;0
UBI_2019_GHOSTRECON_BREAKPOINT_LAUNCH;2019-10-04;Ubisoft;UBI;Ubisoft Paris;0;Tom Clancy's Ghost Recon Breakpoint;Ghost Recon;Release;Negative;High;https://news.ubisoft.com/;Launch of Breakpoint with weak reception leading to later profit warning (-31%).;9.48644733428955;0.0126502112695128;0.0142168975854601;2019-10-04;0.0033331270243258;0.0060682526111226;0.0033331270243258;-0.0111548354670178;0.0034756427180551025;Low;0;0
UBI_2019_UBI_PROFIT_WARNING;2019-10-24;Ubisoft;UBI;Ubisoft;0;Multiple titles;Portfolio;Major Announcement;Negative;High;https://news.ubisoft.com/;Ubisoft issues profit warning and delays several titles after underperformance.;8.607523918151855;-0.0129105384443681;0.0019204463587332;2019-10-24;-0.01439943759121;-0.0516488183720787;-0.0468592799135529;-0.0468592799135529;-0.033926311138305194;High;2;1
ATVI_2019_CODMW_RELEASE;2019-10-25;Activision;ATVI;Infinity Ward;0;Call of Duty: Modern Warfare;Call of Duty;Release;Positive;High;https://www.callofduty.com/mw/news;Major franchise reboot for Call of Duty with strong sales expectations.;93.64161682128906;0.0034381044724627;0.0040727005061091;2019-10-25;-0.0003177088280309;0.0005261308717697;-0.0003177088280309;-0.0010629804581616;-0.003259554589798;Low;0;0
TTWO_2020_RDR2_PC_STEAM;2019-12-05;Take-Two;TTWO;Rockstar Games;1;Red Dead Redemption 2;Red Dead;Release;Positive;Low;https://store.steampowered.com/app/1174180/Red_Dead_Redemption_2/;RDR2 becomes available on Steam for PC players, expanding audience.;123.97000122070312;0.0164808310209831;0.0015002511791302;2019-12-05;0.014525542839824;-0.0123654324638195;0.0034619084242844995;0.0034619084242844995;-0.004716047465225002;Medium;1;0
ATVI_2020_WARCRAFT3_REFORGED;2020-01-28;Activision Blizzard;ATVI;Blizzard;0;Warcraft III: Reforged;Warcraft;Controversy;Negative;Medium;https://news.blizzard.com/;Release of Warcraft III: Reforged with strong community backlash over quality issues.;108.79969024658205;0.012120167309424;0.010053584595046;2020-01-28;0.0034217425626906;0.0033709503365196;0.0065182224953087;-0.0206212515036855;-0.0206212515036855;Low;0;0
ATVI_2020_WARZONE_LAUNCH;2020-03-10;Activision;ATVI;Infinity Ward;0;Call of Duty: Warzone;Call of Duty;Release;Positive;High;https://www.callofduty.com/warzone;Launch of free-to-play battle royale Warzone with rapid user growth.;100.51573181152344;0.0242742332422085;0.0493963062815614;2020-03-10;-0.0169370748245151;0.0015696427178231026;0.001777122954596002;-0.0347947449081112;-0.0347947449081112;Low;0;0
NTDOY_2020_ANIMALCROSSING_RELEASE;2020-03-20;Nintendo;NTDOY;Nintendo EPD;0;Animal Crossing: New Horizons;Animal Crossing;Release;Positive;High;https://www.nintendo.com/;Release of AC: New Horizons, massive success during early COVID period.;12.65999984741211;0.0119903769613025;-0.0433595123084619;2020-03-20;0.0399843747546417;-0.0021575854330593974;0.0399843747546417;0.0755048286239914;0.06202400309729679;Low;0;0
EA_2020_FIFA_ULTIMATETEAM_REVENUE;2020-05-05;EA;EA;EA Sports;0;FIFA Ultimate Team;FIFA;Major Announcement;Positive;Medium;https://ir.ea.com/;Earnings call emphasizing record revenue from FIFA Ultimate Team microtransactions.;116.29607391357422;0.0237952849893146;0.0090405563857973;2020-05-05;0.0159340282511801;0.012972374647257902;-0.0145548198735573;-0.027492404223391297;-0.027492404223391297;Medium;1;0
UBI_2020_SKULLBONES_DELAY;2020-07-13;Ubisoft;UBI;Ubisoft Singapore;0;Skull and Bones;Skull and Bones;Delay;negative;medium;https://www.ubisoft.com;Another delay announcement;11.198866844177246;-0.0102984773353348;-0.0093625411277882;2020-07-13;-0.0046043841799082;-0.0188728756765083;-0.0188728756765083;-0.030708936748099103;-0.034754718285993705;Medium;1;0
TTWO_2020_CODEMASTERS_LOSS;2020-11-06;Take-Two;TTWO;; ; ;TTWO;Corporate Event;negative;high;https://ir.take2games.com;Lost Codemasters bid to EA (-23%);175.19000244140625;0.0385938466225679;-0.0002877151874185;2020-11-06;0.0383180915641334;0.0497876357515645;0.0383180915641334;-0.0599811905417861;-0.0556957280823057;High;2;1
UBI_2020_AC_VALHALLA_RELEASE;2020-11-10;Ubisoft;UBI;Ubisoft Montreal;0;Assassin's Creed Valhalla;Assassin's Creed;Release;Positive;Medium;https://news.ubisoft.com/;Major Assassin's Creed franchise entry and cross-gen launch title.;12.721674919128418;-0.0285068055866286;-0.001399794593191;2020-11-10;-0.0278819679923956;-0.1198268211960317;-0.0504081515547938;-0.0181670155115832;-0.0181670155115832;High;2;1
NTDOY_2021_SWITCH_OLED_ANN;2021-07-06;Nintendo;NTDOY;Nintendo;0;Nintendo Switch OLED;Switch;Major Announcement;Neutral;Medium;https://www.nintendo.com/switch/oled-model/;Announcement of the Switch OLED model with improved screen but no power upgrade.;14.520000457763672;0.0041494066015499;-0.0020218560598241;2021-07-06;0.0055132845378467;0.0013446156899905;0.0013446156899905;-0.0196065485719217;-0.0196065485719217;Low;0;0
ATVI_2021_LAWSUIT;2021-07-20;Activision Blizzard;ATVI;;0;;Activision;Controversy;negative;high;https://www.bloomberg.com;California lawsuit (-10%);137.67832946777344;-0.0012037068503362;0.0151626094378556;2021-07-20;-0.0141242372743728;-0.0240798610634871;-0.0238066628234124;-0.004505106345822799;-0.004505106345822799;Medium;1;0
ATVI_2021_DIABLO2_RESURRECTED;2021-09-23;Activision Blizzard;ATVI;Blizzard;0;Diablo II: Resurrected;Diablo;Release;Neutral;Medium;https://news.blizzard.com/;Launch of D2R with mixed expectations and some technical issues.;124.96344757080078;0.0117878357585188;0.0121347157844948;2021-09-23;0.0013695611225152;0.004391595409323499;0.015488685483590699;0.015488685483590699;0.0634067412522388;Low;0;0
EA_2021_BF2042_BAD_RELEASE;2021-11-19;Electronic Arts;EA;DICE;0;Battlefield 2042;Battlefield;Release;negative;high;https://www.ea.com;Disastrous launch (-6%);129.3604736328125;-0.0359720312800272;-0.0013986655593032;2021-11-19;-0.0352062995815973;-0.044256957840362904;-0.0352062995815973;-0.0791056660856871;-0.07998989543359421;High;2;1
TTWO_2022_ZYNGA_ACQUISITION;2022-01-10;Take-Two;TTWO;; ;Zynga;TTWO;Corporate Event;negative;high;https://ir.take2games.com;Announced Zynga acquisition (-27%);142.99000549316406;-0.1312879696782101;-0.0014410312534549;2022-01-10;-0.1304803528286943;-0.10165621042952311;-0.10165621042952311;-0.04842134456348201;-0.06426968489138661;High;2;1
ATVI_2022_MSFT_ACQUISITION_ANN;2022-01-18;Activision Blizzard;ATVI;Activision Blizzard;0;Corporate;Corporate;Major Announcement;Positive;High;https://news.microsoft.com/2022/01/18/microsoft-to-acquire-activision-blizzard/;Microsoft announces intention to acquire Activision Blizzard in a major industry deal (-26%).;131.02206420898438;0.0266023254468232;-0.0183879456940073;2022-01-18;0.0414080233456491;0.07142823231968651;0.07142823231968651;0.11072565228994401;0.11072565228994401;High;2;1
TTWO_2022_GTA6_DEV-ANNOUNCEMENT;2022-02-04;Take-Two;TTWO;Rockstar Games;1;GTA VI;GTA;Major Announcement;Neutral;Low;https://en.wikipedia.org/wiki/Grand_Theft_Auto_VI#:~:text=Following%20years%20of%20speculation%20and,and%20Xbox%20Series%20X/S.;Annoucement of development after leak ;175.0;0.0734878874589923;0.0051569298644233;2022-02-04;0.0680976840098431;0.0781642242594172;0.0680976840098431;0.07160034410842091;0.03323078768391291;High;2;1
TTWO_2022_GTA5_NEXTGEN;2022-03-15;Take-Two;TTWO;Rockstar Games;1;GTA V (PS5/Xbox Series);GTA;Release;Positive;Medium;https://www.rockstargames.com/newswire/article/22887;Next-gen versions of GTA V and GTA Online released for PS5 and Xbox Series.;142.8800048828125;0.0074742455496457;0.0214085741708709;2022-03-15;-0.0131820028442446;-0.06299706901406299;0.006609002187704601;0.00024265462821610134;0.00024265462821610134;High;2;1
TTWO_2022_GTA_PLUS_SUBSCRIPTION;2022-03-29;Take-Two;TTWO;Rockstar Games;1;GTA Online;GTA;Major Announcement;Neutral;Medium;https://www.rockstargames.com/newswire/article/80479;Introduction of GTA+ subscription service for GTA Online players.;158.57000732421875;0.0132268838608227;0.0122565474275304;2022-03-29;0.0011676271906485;-0.003608093915415899;-0.009295414923935;-0.025851966835696197;-0.025851966835696197;Low;0;0
UBI_2023_AC_MIRAGE_ANNOUNCEMENT;2022-09-12;Ubisoft;UBI;Ubisoft Bordeaux;0;Assassin's Creed Mirage;Assassin's Creed;Trailer/Reveal;Positive;Medium;https://news.ubisoft.com/;Reveal of Assassin's Creed Mirage as a more classic AC-style entry.;10.23106288909912;0.0136985718894149;0.0105842727693497;2022-09-12;0.0066940946662884;0.058277614823846;0.058277614823846;0.0840391833057039;0.0724751352803318;High;2;1
GTA6_2022_LEAK;2022-09-19;Take-Two;TTWO;Rockstar;1;GTA VI;GTA;Leak;negative;high;https://www.nytimes.com/2022/09/18/technology/gta-6-leak.html;Massive gameplay leak (90 videos);125.08000183105467;0.0071664334660783;0.0068571007162865;2022-09-19;0.0001791679505396;-0.0168810088590929;-0.0168810088590929;-0.051925959431427596;-0.07445769159146179;Medium;1;0
UBI_2022_SKULL_AND_BONES_DELAY;2022-09-28;Ubisoft;UBI;Ubisoft Singapore;0;Skull and Bones;Skull and Bones;Delay;Negative;Medium;https://news.ubisoft.com/;Further delay of Skull and Bones after multiple postponements.;10.2982177734375;0.0032711291081435;0.0196721399262347;2022-09-28;-0.0095188796428628;0.001015873573612699;-0.0088021322467447;-0.0095756356609438;-0.043389091968622;Low;0;0
EA_2022_FIFA23_RELEASE;2022-09-30;EA;EA;EA Sports;0;FIFA 23;FIFA;Release;Positive;Medium;https://www.ea.com/games/fifa/fifa-23;Annual FIFA release with strong sales forecast.;113.68755340576172;-0.0149824417229401;-0.0150666957719832;2022-09-30;-0.0029214296659253;0.0067117447946823;-0.0029214296659253;0.0111632550011822;0.010340137598422;Low;0;0
NTDOY_2022_POKEMON_SV_RELEASE;2022-11-18;Nintendo;NTDOY;Game Freak;0;Pokémon Scarlet and Violet;Pokémon;Release;Positive;Medium;https://www.nintendo.com/;Launch of Pokémon Scarlet/Violet with strong sales but technical criticisms.;5.320000171661377;-0.0166358000534481;0.0047585819088147;2022-11-18;-0.0196399461459456;-0.032160331448351204;-0.0196399461459456;-0.058430089849103;-0.024345301860328898;High;2;1
NTDOY_2023_ZELDA_TOTK_RELEASE;2023-05-12;Nintendo;NTDOY;Nintendo;0;The Legend of Zelda: Tears of the Kingdom;Zelda;Release;positive;high;https://www.nintendo.com;TOTK launch success;5.599999904632568;-0.0294627516214736;-0.0015833068345566;2023-05-12;-0.0283813913577279;-0.0220005134825853;-0.0283813913577279;-0.012368564889220602;-0.0627729822820221;Medium;1;0
UBI_EARN_FY2023;2023-05-16;Ubisoft;UBI;Earnings;0;;;Earnings;;;https://www.ubisoft.com/en-us/company/investors/earnings;Full-Year 2022–2023 Results;10.57670783996582;-0.0009329025430332;-0.006377683373153;2023-05-16;0.0028609660220068;0.0180957511676491;0.0164998782198959;0.0017666056277093004;0.0017666056277093004;Medium;1;0
ATVI_EARN_2023Q3;2023-10-04;Activision Blizzard;ATVI;Earnings;0;;;Earnings;;;https://investor.activisionblizzard.com/news-releases/news-release-details/activision-blizzard-announces-third-quarter-2023-financial;Q3 2023 Earnings;119.3560562133789;0.0097867274181924;0.0081097549571607;2023-10-04;0.0026946863556911;0.00993631893468;0.003961977430548699;0.011773090392624998;0.019429699509298397;Low;0;0
UBI_2023_ASSASSINSMIRAGE_RELEASE;2023-10-05;Ubisoft;UBI;Ubisoft Montreal;0;Assassin's Creed Mirage;Assassin's Creed;Release;positive;medium;https://www.ubisoft.com;Mirage launch reception;10.260690689086914;0.0166341083885457;-0.0013040301597772;2023-10-05;0.0171979802865156;0.015609799375228085;0.017109675466189085;0.017109675466189085;0.016875704459658688;Medium;1;0
UBI_EARN_H1_2024;2023-11-07;Ubisoft;UBI;Earnings;0;;;Earnings;;;https://www.ubisoft.com/en-us/company/investors/earnings;H1 2023–2024 Results;10.84334659576416;0.0280898195709429;0.0028401189192852;2023-11-07;0.0260154371085389;0.047224384934784897;0.059717781476494994;0.0585861737973643;0.0585861737973643;High;2;1
NTDOY_EARN_2023Q2;2023-11-07;Nintendo;NTDOY;Earnings;0;;;Earnings;;;https://www.nintendo.co.jp/ir/en/;Q2 FY2023 Earnings Release;5.989999771118164;0.0067226828798785;0.0028401189192852;2023-11-07;0.0049544292880389;0.0033587525042685987;0.0160546041711139;0.0344669345438814;0.0344669345438814;Low;0;0
TTWO_2023_GTA6_TRAILER1;2023-12-05;Take-Two;TTWO;Rockstar Games;1;GTA VI;GTA;Trailer/Reveal;Positive;High;https://www.youtube.com/watch?v=QdBZY2fkU-0;Official GTA VI trailer release generating global hype.;156.75999450683594;-0.0050774502675421;-0.0005688697261614;2023-12-05;-0.0050891017224313;0.0043671472635293;0.0016066053357501999;-0.023388155507788;-0.023388155507788;Low;0;0
GTA6_2024_KEYART;2024-05-16;Take-Two;TTWO;Rockstar;1;GTA VI;GTA;Trailer/Reveal;positive;medium;https://ir.take2games.com;Official screenshots/key art;146.0800018310547;-0.0135062126909061;-0.0020816677921287;2024-05-16;-0.0120968114306425;0.0082829081682617;-0.0016888123495863994;-0.0016888123495863994;0.018152240225360803;Low;0;0
TTWO_2025_GTA6_DELAY2;2025-11-06;Take-Two;TTWO;Rockstar Games;1;GTA VI;GTA;Delay;Negative;High;https://www.rockstargames.com/newswire/article/ak3ak31a49a221/grand-theft-auto-vi-is-now-set-to-launch-november-19-2026#:~:text=Grand%20Theft%20Auto%20VI%20%2D%20Watch,Contact;"Second announcement of GTA VI release delay; makret reaction around -8%";252.3999938964844;-0.0092636232581182;-0.011178189042419;2025-11-06;0.0006906304262554;-0.07661248743066229;-0.0818647735036978;-0.0818647735036978;-0.06212521948687269;High;2;1
TTWO_2025_GTA6_TRAILER2;2025-05-06;Take-Two;TTWO;Rockstar Games;1;GTA VI;GTA;Trailer/Reveal;Positive;Medium;https://www.rockstargames.com/newswire/article/258aa538o412ok/grand-theft-auto-vi-is-now-coming-may-26-2026#:~:text=Grand%20Theft%20Auto%20VI%20is,quality%20you%20expect%20and%20deserve.;"Released alongside the delay news; cinematic style, introduced protagonists Jason & Lucia.";231.83999633789065;0.0289365737694573;-0.0076932396518555;2025-05-06;0.0356172267631375;0.0392285776903859;0.0072651809964040005;0.0023404522147614003;0.0023404522147614003;High;2;1
TTWO_EARN_Q3_2020;2020-02-06;Take-Two;TTWO;;1;;;Earnings;;;https://ir.take2games.com;Q3 2020 earnings conference call;127.73999786376952;0.0578005598216604;0.0033256728767856;2020-02-06;0.0541305547076149;-0.1195879164011895;-0.059864148947772;-0.059864148947772;-0.0711114062474848;High;2;1
TTWO_EARN_Q4_2020;2020-05-20;Take-Two;TTWO;;1;;;Earnings;;;https://ir.take2games.com;Q4 2020 earnings conference call;146.83999633789062;0.0323396419226631;0.0166511002590801;2020-05-20;0.0161523450509284;0.0228127901983013;-0.035999133019311104;-0.021967700376230005;-0.021967700376230005;Medium;1;0
TTWO_EARN_Q1_2021;2020-08-03;Take-Two;TTWO;;1;;;Earnings;;;https://ir.take2games.com;Q1 2021 earnings conference call;167.69000244140625;0.0223753083364692;0.0071810234393261;2020-08-03;0.015083764758028;0.069764945368295;0.069764945368295;0.055644568433272694;0.04108341837745869;High;2;1
TTWO_EARN_Q2_2021;2020-11-05;Take-Two;TTWO;;1;;;Earnings;;;https://ir.take2games.com;Q2 2021 earnings conference call;168.67999267578125;0.0302955742615209;0.0194601941389629;2020-11-05;0.0114695441874311;0.0589948534898727;0.0497876357515645;0.0497876357515645;-0.079619794688069;High;2;1
TTWO_EARN_Q3_2021;2021-02-08;Take-Two;TTWO;;1;;;Earnings;;;https://ir.take2games.com;Q3 2021 earnings conference call;213.33999633789065;0.0281940849672361;0.0073993483603735;2021-02-08;0.0206974570296729;-0.0398787820890285;-0.0398787820890285;-0.0581665890355855;-0.049237747097712;High;2;1
TTWO_EARN_Q4_2021;2021-05-18;Take-Two;TTWO;;1;;;Earnings;;;https://ir.take2games.com;Q4 2021 earnings conference call;167.69000244140625;-0.0031506287923606;-0.0085172929593646;2021-05-18;0.0043041018633753;0.0852523507396068;0.0760560731635508;0.0938441966970313;0.0938441966970313;High;2;1
TTWO_EARN_Q1_2022;2021-08-02;Take-Two;TTWO;;1;;;Earnings;;;https://ir.take2games.com;Q1 2022 earnings conference call;173.2100067138672;-0.0012108837348363;-0.0018428056148913;2021-08-02;-2.585858474019238e-05;-0.08535190466368439;-0.08535190466368439;-0.10708677165803929;-0.09951131941575989;High;2;1
TTWO_EARN_Q2_2022;2021-11-03;Take-Two;TTWO;;1;;;Earnings;;;https://ir.take2games.com;Q2 2022 earnings conference call;184.1600036621093;0.0011960488082147;0.0064612791953579;2021-11-03;-0.0054194002305017;0.034377795234531904;0.037619285804188;0.0039675153288424025;-0.008416713754486698;High;2;1
TTWO_EARN_Q3_2022;2022-02-07;Take-Two;TTWO;;1;;;Earnings;;;https://ir.take2games.com;Q3 2022 earnings conference call;175.10000610351562;0.0005714634486606;-0.0037017126347429;2022-02-07;0.0035026600985778;-0.0214970841079262;-0.0214970841079262;-0.013695843237115903;-0.0060676407505770025;Medium;1;0
TTWO_EARN_Q4_2022;2022-05-16;Take-Two;TTWO;;1;;;Earnings;;;https://ir.take2games.com;Q4 2022 earnings conference call;110.11000061035156;0.0016374083933055;-0.0039464009295556;2022-05-16;0.0047984539394714;0.1030973204884772;0.1030973204884772;0.11844986810186339;0.0873724518946578;High;2;1
TTWO_EARN_Q1_2023;2022-08-08;Take-Two;TTWO;;1;;;Earnings;;;https://ir.take2games.com;Q1 2023 earnings conference call;125.51000213623048;-0.0129757901726967;-0.0012375507238541;2022-08-08;-0.0123593135457757;-0.0467598982225305;-0.0467598982225305;-0.0673016114835791;-0.06365040878897091;High;2;1
TTWO_EARN_Q2_2023;2022-11-07;Take-Two;TTWO;;1;;;Earnings;;;https://ir.take2games.com;Q2 2023 earnings conference call;108.4000015258789;-0.0011978001923903;0.0096139819205598;2022-11-07;-0.0107747527314784;-0.1533873094692981;-0.1533873094692981;-0.13386283613324068;-0.10575531119133498;High;2;1
TTWO_EARN_Q3_2023;2023-02-06;Take-Two;TTWO;;1;;;Earnings;;;https://ir.take2games.com;Q3 2023 earnings conference call;105.55999755859376;-0.0340410071582821;-0.0061404630177543;2023-02-06;-0.0288189609023784;0.03707672096001351;0.03707672096001351;0.028717000134551807;0.028092989103535207;High;2;1
TTWO_EARN_Q4_2023;2023-05-17;Take-Two;TTWO;;1;;;Earnings;;;https://ir.take2games.com;Q4 2023 earnings conference call;125.0199966430664;0.0078193757956128;0.0118908290587882;2023-05-17;-0.003896341910192;0.10083623888674391;0.1035467649093732;0.0886029115548626;0.086601553209909;High;2;1
TTWO_EARN_Q1_2024;2023-08-08;Take-Two;TTWO;;1;;;Earnings;;;https://ir.take2games.com;Q1 2024 earnings conference call;140.13999938964844;-0.0073664353313939;-0.0042182830447931;2023-08-08;-0.0039499962685707;-0.0192208084402062;-0.0031646321632037002;0.0023362772542152993;0.0023362772542152993;Medium;1;0
TTWO_EARN_Q2_2024;2023-11-08;Take-Two;TTWO;;1;;;Earnings;;;https://ir.take2games.com;Q2 2024 earnings conference call;143.47000122070312;0.0521413946797226;0.0010049156221052;2023-11-08;0.0506514018701384;0.0891597853101745;0.0775637886270509;0.0730099493205001;0.0881935677815661;High;2;1
TTWO_EARN_Q3_2024;2024-02-08;Take-Two;TTWO;;1;;;Earnings;;;https://ir.take2games.com;Q3 2024 earnings conference call;169.60000610351562;0.000176910880469;0.0005705832608251;2024-02-08;-0.000905090145439;-0.08434873934071381;-0.09346077961872061;-0.09346077961872061;-0.08995641380890382;High;2;1
TTWO_EARN_Q4_2024;2024-05-16;Take-Two;TTWO;;1;;;Earnings;;;https://ir.take2games.com;Q4 2024 earnings conference call;146.0800018310547;-0.0135062126909061;-0.0020816677921287;2024-05-16;-0.0120968114306425;0.0082829081682617;-0.0016888123495863994;-0.0016888123495863994;0.018152240225360803;Low;0;0
TTWO_EARN_Q1_2025;2024-08-08;Take-Two;TTWO;;1;;;Earnings;;;https://ir.take2games.com;Q1 2025 earnings conference call;138.77999877929688;0.0229232745067098;0.0230426115191364;2024-08-08;0.0007320868088555;0.014350036709590498;0.039319890953982;0.039319890953982;0.0230549417315608;Medium;1;0
TTWO_2025_Q3_EARNINGS;2025-02-07;Take-Two;TTWO;;1;;;Earnings;;;https://ir.take2games.com;Q3 FY2025 Earnings Release;208.7700042724609;0.1403211830045361;-0.0094647701115428;2025-02-07;0.1486659299882524;0.1347463934024031;0.1486659299882524;0.15972886128722769;0.14516286483386548;High;2;1
TTWO_2025_Q4_EARNINGS;2025-05-15;Take-Two;TTWO;;1;;;Earnings;;;https://ir.take2games.com;Q4 FY2025 Earnings / Full-Year FY2025 Results;232.33999633789065;0.0123747117119419;0.0041323320741357;2025-05-15;0.0079469681605033;-0.010022073116968198;-0.0232820521223687;-0.0232820521223687;0.0254803007610158;Medium;1;0
TTWO_2025_Q1_EARNINGS;2025-08-08;Take-Two;TTWO;;1;;;Earnings;;;https://ir.take2games.com;Q1 FY2026 Earnings (released in 2025);217.3699951171875;-0.0402667232760159;0.0077997153489748;2025-08-08;-0.0481394374930426;-0.0511052228766686;-0.0481394374930426;-0.0219507927084022;0.023074983553901196;High;2;1
EA_2020_Q1_EARNINGS;2020-02-05;Electronic Arts;EA;;0;;;Earnings;;;https://ir.ea.com;Q3 FY2020 Earnings;104.83272552490234;0.0070048092151193;0.0112505958978537;2020-02-05;-0.0026828274405154;0.0209533285375971;0.014397565787445;0.0101979740387287;0.00017825590929439888;Medium;1;0
EA_2020_Q2_EARNINGS;2020-05-05;Electronic Arts;EA;;0;;;Earnings;;;https://ir.ea.com;Q4 FY2020 Earnings;116.29607391357422;0.0237952849893146;0.0090405563857973;2020-05-05;0.0159340282511801;0.012972374647257902;-0.0145548198735573;-0.027492404223391297;-0.027492404223391297;Medium;1;0
EA_2020_Q3_EARNINGS;2020-07-30;Electronic Arts;EA;;0;;;Earnings;;;https://ir.ea.com;Q1 FY2021 Earnings;134.75025939941406;0.0195693744715836;-0.0037502519373892;2020-07-30;0.022278460626698;0.03528338870653;0.0374120766778115;0.0374120766778115;0.0607545366468651;High;2;1
EA_2020_Q4_EARNINGS;2020-11-05;Electronic Arts;EA;;0;;;Earnings;;;https://ir.ea.com;Q2 FY2021 Earnings;124.7744598388672;0.0241002136062793;0.0194601941389629;2020-11-05;0.0076281528367259;-0.0445066332684178;-0.0637466477658149;-0.0637466477658149;-0.0749083025686194;High;2;1
EA_2021_Q1_EARNINGS;2021-02-02;Electronic Arts;EA;;0;;;Earnings;;;https://ir.ea.com;Q3 FY2021 Earnings;145.03567504882812;0.021252121596702;0.0138982234844169;2021-02-02;0.0093764815923761;-0.0415663214773411;-0.0465563765113877;-0.0563957908834906;-0.0563957908834906;High;2;1
EA_2021_Q2_EARNINGS;2021-05-11;Electronic Arts;EA;;0;;;Earnings;;;https://ir.ea.com;Q4 FY2021 Earnings;137.7972412109375;0.0050481223764848;-0.0086739128027181;2021-05-11;0.0118261291440872;0.0130119169529989;0.0172063505906349;-0.013493643223592;-0.013493643223592;Medium;1;0
EA_2021_Q3_EARNINGS;2021-08-04;Electronic Arts;EA;;0;;;Earnings;;;https://ir.ea.com;Q1 FY2022 Earnings;136.5462188720703;0.0007867668389911;-0.0046323879014122;2021-08-04;0.0042248514578919;-0.0599333291336749;-0.0228564989729217;-0.028503472560701102;-0.029436988605566903;High;2;1
EA_2021_Q4_EARNINGS;2021-11-03;Electronic Arts;EA;;0;;;Earnings;;;https://ir.ea.com;Q2 FY2022 Earnings;136.30780029296875;-0.0047798723079796;0.0064612791953579;2021-11-03;-0.0105096105657488;-0.0077108541992666965;0.007006276269581202;-0.016892592934030795;-0.028119046529681994;Low;0;0
EA_2022_Q1_EARNINGS;2022-02-01;Electronic Arts;EA;;0;;;Earnings;;;https://ir.ea.com;Q3 FY2022 Earnings;127.13768005371094;-0.0205032477494284;0.0068630035578014;2022-02-01;-0.0265649716137603;0.010510737571046098;0.020899108366262;0.0399480045546014;0.0399480045546014;Medium;1;0
EA_2022_Q2_EARNINGS;2022-05-10;Electronic Arts;EA;;0;;;Earnings;;;https://ir.ea.com;Q4 FY2022 Earnings;109.34040069580078;-0.0039273084439772;0.0024578974498534;2022-05-10;-0.0063486461133454;0.0844215212460492;0.08652592184532219;0.10389723615295429;0.10389723615295429;High;2;1
EA_2022_Q3_EARNINGS;2022-08-02;Electronic Arts;EA;;0;;;Earnings;;;https://ir.ea.com;Q1 FY2023 Earnings;126.4515151977539;-0.0151295399226543;-0.0066623955507048;2022-08-02;-0.0100138539835895;0.0099323832438048;0.0107325956894801;0.00653446940035643;0.00653446940035643;Low;0;0
EA_2022_Q4_EARNINGS;2022-11-01;Electronic Arts;EA;;0;;;Earnings;;;https://ir.ea.com;Q2 FY2023 Earnings;124.06297302246094;0.0024611529844877;-0.0041012306087846;2022-11-01;0.0054602884321195;0.0326505763765763;0.0446595519308185;0.050315714621163;0.050315714621163;High;2;1
EA_2023_Q1_EARNINGS;2023-01-31;Electronic Arts;EA;;0;;;Earnings;;;https://ir.ea.com;Q3 FY2023 Earnings;126.61827850341795;-0.0024034486458512;0.0146424702855101;2023-01-31;-0.0148941353060242;-0.10529633623570439;-0.11655484839083899;-0.1453668216418052;-0.1453668216418052;High;2;1
EA_2023_Q2_EARNINGS;2023-05-09;Electronic Arts;EA;;0;;;Earnings;;;https://ir.ea.com;Q4 FY2023 Earnings;123.61209106445312;-0.0027830468580596;-0.0045794212772585;2023-05-09;0.0006112660643967;-0.006879852362952499;-0.008826877922485899;-0.0010500998423797988;-0.0010500998423797988;Low;0;0
EA_2023_Q3_EARNINGS;2023-08-01;Electronic Arts;EA;;0;;;Earnings;;;https://ir.ea.com;Q1 FY2024 Earnings;134.36985778808594;-0.001687120824356;-0.0026650876392156;2023-08-01;0.0001251839517103;-0.0733818807734235;-0.060896624807005896;-0.08483909305062369;-0.08483909305062369;High;2;1
EA_2023_Q4_EARNINGS;2023-11-01;Electronic Arts;EA;;0;;;Earnings;;;https://ir.ea.com;Q2 FY2024 Earnings;122.38147735595705;-8.078752376305953e-05;0.0105059994863139;2023-11-01;-0.009153088604961;0.0259292676906674;0.0112268113561777;0.0132857082885342;0.008977527953945099;Medium;1;0
EA_2024_Q1_EARNINGS;2024-01-30;Electronic Arts;EA;;0;;;Earnings;;;https://ir.ea.com;Q3 FY2024 Earnings;136.18460083007812;-0.007432417779483;-0.0006006499345398;2024-01-30;-0.0073261673722103;-0.0068482654427905;0.0058116675879368;-0.0209327836369626;-0.0209327836369626;Low;0;0
EA_2024_Q2_EARNINGS;2024-05-07;Electronic Arts;EA;;0;;;Earnings;;;https://ir.ea.com;Q4 FY2024 Earnings;129.11923217773438;-0.002450974324479;0.001343429823275;2024-05-07;-0.0039513143009176;-0.0439326037892844;-0.0427273794760475;-0.0339093392622744;-0.0339093392622744;High;2;1
EA_2024_Q3_EARNINGS;2024-07-30;Electronic Arts;EA;;0;;;Earnings;;;https://ir.ea.com;Q1 FY2025 Earnings;148.04977416992188;0.0085896424911626;-0.0049601718780302;2024-07-30;0.0122986082725529;0.028390677564846298;0.0110617812691123;0.0228580946095585;0.0228580946095585;Medium;1;0
EA_2024_Q4_EARNINGS;2024-11-01;Electronic Arts;EA;;0;;;Earnings;;;https://ir.ea.com;Q2 FY2025 Earnings;150.3658905029297;0.0027178367525402;0.0040925095436261;2024-11-01;-0.00105434676582;0.0254045687296248;-0.00105434676582;0.011655457091537;0.012725550297174;Medium;1;0
ATVI_2020_Q1_EARNINGS;2020-02-04;Activision Blizzard;ATVI;;0;;;Earnings;;;https://investor.activision.com;Q4 2019 Earnings;104.10350036621094;0.019325726730798;0.0149804141640821;2020-02-04;0.0065557627501521;-0.0291986578910012;0.0038729353096367;0.0167537367888808;0.0167537367888808;Medium;1;0
ATVI_2020_Q2_EARNINGS;2020-05-05;Activision Blizzard;ATVI;;0;;;Earnings;;;https://investor.activision.com;Q1 2020 Earnings;116.29607391357422;0.0237952849893146;0.0090405563857973;2020-05-05;0.0159340282511801;0.012972374647257902;-0.0145548198735573;-0.027492404223391297;-0.027492404223391297;Medium;1;0
ATVI_2020_Q3_EARNINGS;2020-08-04;Activision Blizzard;ATVI;;0;;;Earnings;;;https://investor.activision.com;Q2 2020 Earnings;142.2660369873047;0.0278165542727066;0.0036119303819721;2020-08-04;0.0244415220834632;0.016681958532315497;0.0177810206467251;-0.0037095107011396004;-0.0037095107011396004;Medium;1;0
ATVI_2020_Q4_EARNINGS;2020-10-29;Activision Blizzard;ATVI;;0;;;Earnings;;;https://investor.activision.com;Q3 2020 Earnings;120.46720886230467;-0.0135350410491922;0.0119473308942383;2020-10-29;-0.0237984605350771;-0.026297794485643303;-0.047013918816551;-0.047013918816551;-0.0650877866679016;Medium;1;0
ATVI_2021_Q1_EARNINGS;2021-02-04;Activision Blizzard;ATVI;;0;;;Earnings;;;https://investor.activision.com;Q4 2020 Earnings;134.96873474121094;-0.0155518419774191;0.0108533222304207;2021-02-04;-0.0249111710874226;-0.0657722724758667;-0.0098394143721029;-0.0098394143721029;0.018587099885692498;High;2;1
ATVI_2021_Q2_EARNINGS;2021-05-04;Activision Blizzard;ATVI;;0;;;Earnings;;;https://investor.activision.com;Q1 2021 Earnings;133.60560607910156;-0.0291826940827554;-0.0066783376082272;2021-05-04;-0.024053833603804;-0.0281841129114283;-0.0191882633097821;7.44192884052006e-05;7.44192884052006e-05;Medium;1;0
ATVI_2021_Q3_EARNINGS;2021-08-03;Activision Blizzard;ATVI;;0;;;Earnings;;;https://investor.activision.com;Q2 2021 Earnings;136.43887329101562;-0.0299073787576524;0.0082034265474622;2021-08-03;-0.0370768301607532;-0.030677584537051;-0.0328519787028613;-0.06558030272145429;-0.06558030272145429;High;2;1
ATVI_2021_Q4_EARNINGS;2021-11-02;Activision Blizzard;ATVI;;0;;;Earnings;;;https://investor.activision.com;Q3 2021 Earnings;136.96246337890625;-0.0112855453923901;0.0036803630854131;2021-11-02;-0.0147171304688479;-0.0162671362892415;-0.025226741034596697;-0.031609723402878695;-0.031609723402878695;Medium;1;0
ATVI_2022_Q1_EARNINGS;2022-02-03;Activision Blizzard;ATVI;;0;;;Earnings;;;https://investor.activision.com;Q4 2021 Earnings;134.32916259765625;0.0008748592067875;-0.024391082077444;2022-02-03;0.0206415578808994;0.06651297616836169;0.0190488961883394;0.0190488961883394;-0.010010519153546601;High;2;1
ATVI_2022_Q2_EARNINGS;2022-04-25;Activision Blizzard;ATVI;;0;;;Earnings;;;https://investor.activision.com;Q1 2022 Earnings;125.55531311035156;0.0004683544042154;0.0056979369853822;2022-04-25;-0.0046305567235978;-0.009228412043924;-0.009228412043924;-0.0414879723465002;-0.055324972344306805;Low;0;0
ATVI_2022_Q3_EARNINGS;2022-08-02;Activision Blizzard;ATVI;;0;;;Earnings;;;https://investor.activision.com;Q2 2022 Earnings;126.4515151977539;-0.0151295399226543;-0.0066623955507048;2022-08-02;-0.0100138539835895;0.0099323832438048;0.0107325956894801;0.00653446940035643;0.00653446940035643;Low;0;0
ATVI_2022_Q4_EARNINGS;2022-11-02;Activision Blizzard;ATVI;;0;;;Earnings;;;https://investor.activision.com;Q3 2022 Earnings;126.41120147705078;0.0189277138648347;-0.0250019848573428;2022-11-02;0.039199263498699;0.0371619799978185;0.031701691565699;0.0448554261890435;0.0570197623828095;High;2;1
ATVI_2023_Q1_EARNINGS;2023-02-06;Activision Blizzard;ATVI;;0;;;Earnings;;;https://investor.activision.com;Q4 2022 Earnings;110.3924789428711;-0.0151861308689442;-0.0061404630177543;2023-02-06;-0.0105017707461242;-0.003791937093258299;-0.003791937093258299;-0.009154634392014499;-0.011269387303220899;Low;0;0
ATVI_2023_Q2_EARNINGS;2023-04-25;Activision Blizzard;ATVI;;0;;;Earnings;;;https://investor.activision.com;Q1 2023 Earnings;127.64347076416016;0.0001546518277431;-0.0158108588827732;2023-04-25;0.0128306413788148;-0.0164358169285201;-0.0182076336590166;-0.0247821370465185;-0.0247821370465185;Medium;1;0
ATVI_2023_Q3_EARNINGS;2023-07-19;Activision Blizzard;ATVI;;0;;;Earnings;;;https://investor.activision.com;Q2 2023 Earnings;135.08058166503906;-0.0146182573385421;0.002357910335732;2023-07-19;-0.0169569655090964;-0.011430916896035101;-0.009643590614542301;-0.0108119543247654;-0.0094284774007508;Medium;1;0
UBI_2020_Q1_EARNINGS;2020-07-09;Ubisoft;UBI;;0;;;Earnings;;;https://www.ubisoft.com;Q1 FY2021 Sales;11.435879707336426;-0.0072016322065895;-0.0056436061593611;2020-07-09;-0.0038750929709701;-0.0488860496950129;-0.0213397966983669;-0.0213397966983669;-0.0402126723748752;High;2;1
UBI_2020_Q2_EARNINGS;2020-10-29;Ubisoft;UBI;;0;;;Earnings;;;https://www.ubisoft.com;H1 FY2021 Results;13.734907150268556;0.0218957582307766;0.0119473308942383;2020-10-29;0.0140235289135957;0.013260445526864003;-0.004549069488378601;-0.004549069488378601;0.009569484496285998;Medium;1;0
UBI_2021_Q1_EARNINGS;2021-02-11;Ubisoft;UBI;;0;;;Earnings;;;https://www.ubisoft.com;Q3 FY2021 Sales;15.26956558227539;0.0053315290321949;0.0016624551635393;2021-02-11;0.0040068726243743;0.0673924992722388;0.0304918522420231;0.0304918522420231;0.055584803146076;High;2;1
UBI_2021_Q2_EARNINGS;2021-05-18;Ubisoft;UBI;;0;;;Earnings;;;https://www.ubisoft.com;FY2021 Full-Year Earnings;13.904765129089355;-0.0128996245279517;-0.0085172929593646;2021-05-18;-0.007743634520698;0.0262955367398909;0.013750319960122501;0.0288273508503377;0.0288273508503377;Medium;1;0
UBI_2021_Q3_EARNINGS;2021-07-21;Ubisoft;UBI;;0;;;Earnings;;;https://www.ubisoft.com;Q1 FY2022 Sales;13.568997383117676;0.0021881290915162;0.0082418199908353;2021-07-21;-0.0033250923541313;-0.0258285110202655;-0.0093876501272735;-0.0126034259048054;-0.0237117036794783;Medium;1;0
UBI_2021_Q4_EARNINGS;2021-10-28;Ubisoft;UBI;;0;;;Earnings;;;https://www.ubisoft.com;H1 FY2022 Earnings;10.79792022705078;0.0239745617053639;0.0098292815764611;2021-10-28;0.0174507281001868;0.02465589901727;0.026552458672757198;0.026552458672757198;-0.007690113912723305;Medium;1;0
UBI_2022_Q1_EARNINGS;2022-02-17;Ubisoft;UBI;;0;;;Earnings;;;https://www.ubisoft.com;Q3 FY2022 Sales;12.492562294006348;-0.004720802301616;-0.021173138152195;2022-02-17;0.0084921707260832;0.0127226862558284;0.0227485331278324;0.0227485331278324;0.0167290560624314;Medium;1;0
UBI_2022_Q2_EARNINGS;2022-05-12;Ubisoft;UBI;;0;;;Earnings;;;https://www.ubisoft.com;FY2022 Full-Year Earnings;10.981605529785156;0.0127505777667391;-0.0012959645058717;2022-05-12;0.013309314896104;0.0204371014762847;-0.002692502738834701;-0.002692502738834701;-0.013406641714225601;Medium;1;0
UBI_2022_Q3_EARNINGS;2022-07-21;Ubisoft;UBI;;0;;;Earnings;;;https://www.ubisoft.com;Q1 FY2023 Sales;11.060608863830566;-0.0010702551997943;0.0098613727091971;2022-07-21;-0.0076145187097008;0.0110078714959808;0.0009175864791407;0.0009175864791407;-0.0237411696584199;Medium;1;0
UBI_2022_Q4_EARNINGS;2022-10-27;Ubisoft;UBI;;0;;;Earnings;;;https://www.ubisoft.com;H1 FY2023 Earnings;9.944671630859377;-0.0213800119374295;-0.0060826106182112;2022-10-27;-0.017773993029219;-0.010469304860670901;-0.0337179761369656;-0.0337179761369656;-0.018964253769278103;Medium;1;0
UBI_2023_Q1_EARNINGS;2023-02-16;Ubisoft;UBI;;0;;;Earnings;;;https://www.ubisoft.com;Q3 FY2023 Sales;10.033552169799805;0.0190570827182328;-0.0137887414891306;2023-02-16;0.0275689901415384;0.0280367044202393;0.0290644784357449;0.0290644784357449;0.0267931601034267;Medium;1;0
UBI_2023_Q2_EARNINGS;2023-05-25;Ubisoft;UBI;;0;;;Earnings;;;https://www.ubisoft.com;FY2023 Full-Year Earnings;10.389073371887209;-0.0047302509851527;0.0087575812659024;2023-05-25;-0.0105718171420782;-0.008915570667214;-0.003936428213261901;-0.003936428213261901;-0.008894921460829902;Low;0;0
UBI_2023_Q3_EARNINGS;2023-07-20;Ubisoft;UBI;;0;;;Earnings;;;https://www.ubisoft.com;Q1 FY2024 Sales;11.258119583129885;-0.0043667879194754;-0.0067568962189037;2023-07-20;-0.0003315043076489;-0.0112643715559409;-0.0025584738424240003;-0.0025584738424240003;-0.0213385553919657;Medium;1;0
UBI_2023_Q4_EARNINGS;2023-10-26;Ubisoft;UBI;;0;;;Earnings;;;https://www.ubisoft.com;H1 FY2024 Earnings;9.994050979614258;-0.0049163930220187;-0.0118325197781096;2023-10-26;0.0023501416213755;0.030806660959237703;0.016009285761635402;0.016009285761635402;0.012540966052114603;High;2;1
UBI_2024_Q1_EARNINGS;2024-02-08;Ubisoft;UBI;;0;;;Earnings;;;https://www.ubisoft.com;Q3 FY2024 Sales;14.280035972595217;0.0204657393333695;0.0005705832608251;2024-02-08;0.0198361920428486;-0.007416833512218803;0.0242130078982282;0.0242130078982282;0.0157700462704384;Low;0;0
UBI_2024_Q2_EARNINGS;2024-05-16;Ubisoft;UBI;;0;;;Earnings;;;https://www.ubisoft.com;FY2024 Full-Year Results;13.509743690490724;0.0201342306044598;-0.0020816677921287;2024-05-16;0.021193163330407;0.0036062106338459014;0.0172614380119965;0.0172614380119965;-2.4643532496899413e-05;Low;0;0
NTDOY_2020_Q1_EARNINGS;2020-01-30;Nintendo;NTDOY;;0;;;Earnings;;;https://www.nintendo.co.jp;Q3 FY2020 Earnings;15.100000381469728;-0.009186311794686;0.0031343587926053;2020-01-30;-0.0111441175722156;0.004240189441734802;0.0016479930223497006;0.0016479930223497006;0.0058874215183469004;Low;0;0
NTDOY_2020_Q2_EARNINGS;2020-05-07;Nintendo;NTDOY;;0;;;Earnings;;;https://www.nintendo.co.jp;FY2020 Full-Year Earnings;15.619999885559082;0.018252915918254;0.0115046307883139;2020-05-07;0.0109028995823642;0.039049711830142796;0.019941846897675697;0.019941846897675697;-0.017513237092550704;High;2;1
NTDOY_2020_Q3_EARNINGS;2020-08-06;Nintendo;NTDOY;;0;;;Earnings;;;https://www.nintendo.co.jp;Q1 FY2021 Earnings;16.549999237060547;-0.0018094503488274;0.0064276955596642;2020-08-06;-0.005888855674935;-0.0336831114128653;-0.016507189253351;-0.016507189253351;-0.033038334064076004;High;2;1
NTDOY_2020_Q4_EARNINGS;2020-11-05;Nintendo;NTDOY;;0;;;Earnings;;;https://www.nintendo.co.jp;Q2 FY2021 Earnings;19.229999542236328;0.0283421795547329;0.0194601941389629;2020-11-05;0.0158671119995917;0.030980903013459703;0.006233515497228401;0.006233515497228401;-0.09064012093100948;High;2;1
NTDOY_2021_Q1_EARNINGS;2021-02-01;Nintendo;NTDOY;;0;;;Earnings;;;https://www.nintendo.co.jp;Q3 FY2021 Earnings;20.280000686645508;0.0140000343322754;0.0160517676144393;2021-02-01;0.003720708265864;-0.0155263618863348;-0.0155263618863348;-0.0325241057954487;-0.009822624945326697;Medium;1;0
NTDOY_2021_Q2_EARNINGS;2021-05-06;Nintendo;NTDOY;;0;;;Earnings;;;https://www.nintendo.co.jp;FY2021 Full-Year Earnings;14.649999618530272;-0.001363357713678;0.0081654564660518;2021-05-06;-0.0065622455024981;0.029314412364352;0.027657049900476502;0.027657049900476502;0.014434182921741905;Medium;1;0
NTDOY_2021_Q3_EARNINGS;2021-08-05;Nintendo;NTDOY;;0;;;Earnings;;;https://www.nintendo.co.jp;Q1 FY2022 Earnings;11.93000030517578;-0.0189144362765167;0.0060054468134942;2021-08-05;-0.0227218248571088;-0.0249731385011384;-0.0396659497719591;-0.0396659497719591;-0.0420935512430615;Medium;1;0
NTDOY_2021_Q4_EARNINGS;2021-11-04;Nintendo;NTDOY;;0;;;Earnings;;;https://www.nintendo.co.jp;Q2 FY2022 Earnings;10.81999969482422;-0.0055147443920574;0.0041819423611504;2021-11-04;-0.008147413684413;-0.009947819026127;-0.0030970323802681993;-0.0030970323802681993;-0.005879337447551199;Low;0;0
NTDOY_2022_Q1_EARNINGS;2022-02-03;Nintendo;NTDOY;;0;;;Earnings;;;https://www.nintendo.co.jp;Q3 FY2022 Earnings;11.5600004196167;-0.009425848839598;-0.024391082077444;2022-02-03;0.0063485018718242;-0.0045582633008622005;0.0074129295156964;0.0074129295156964;-0.0049738183107956;Low;0;0
NTDOY_2022_Q2_EARNINGS;2022-05-10;Nintendo;NTDOY;;0;;;Earnings;;;https://www.nintendo.co.jp;FY2022 Full-Year Earnings;9.270000457763672;0.0;0.0024578974498534;2022-05-10;-0.0015220228069667;-0.1569187521614938;-0.0706823603961572;-0.027241123848381506;-0.027241123848381506;High;2;1
NTDOY_2022_Q3_EARNINGS;2022-08-03;Nintendo;NTDOY;;0;;;Earnings;;;https://www.nintendo.co.jp;Q1 FY2023 Earnings;8.529999732971191;0.0466257830953671;0.0156384771631401;2022-08-03;0.0366127027538625;0.1130405933156253;0.1532359013725073;0.14699159245502;0.1393846127092998;High;2;1
NTDOY_2022_Q4_EARNINGS;2022-11-08;Nintendo;NTDOY;;0;;;Earnings;;;https://www.nintendo.co.jp;Q2 FY2023 Earnings;5.369999885559082;-0.0182815189155728;0.0055978928024627;2022-11-08;-0.0218263572418228;-0.07018839842253419;-0.056796749013563394;0.015820450383963104;0.015820450383963104;High;2;1
NTDOY_2023_Q1_EARNINGS;2023-02-07;Nintendo;NTDOY;;0;;;Earnings;;;https://www.nintendo.co.jp;Q3 FY2023 Earnings;4.460000038146973;0.0136363503361538;0.0128725105980265;2023-02-07;0.0054051325343759;-0.0079616840388728;0.0058783171508883;-0.0207242780535756;-0.0207242780535756;Low;0;0
NTDOY_2023_Q2_EARNINGS;2023-05-09;Nintendo;NTDOY;;0;;;Earnings;;;https://www.nintendo.co.jp;FY2023 Full-Year Earnings;5.829999923706055;-0.0068143036853257;-0.0045794212772585;2023-05-09;-0.0038028173826323;-0.0137063431181773;-0.0220674719343339;-0.0440679854169192;-0.0440679854169192;Medium;1;0
NTDOY_2023_Q3_EARNINGS;2023-08-03;Nintendo;NTDOY;;0;;;Earnings;;;https://www.nintendo.co.jp;Q1 FY2024 Earnings;6.25;-0.0264797623479282;-0.0025479738404268;2023-08-03;-0.0247769542247794;-0.036755371473032795;-0.0229012529563096;-0.0229012529563096;-0.0451879094880859;High;2;1
NTDOY_2023_Q4_EARNINGS;2023-11-07;Nintendo;NTDOY;;0;;;Earnings;;;https://www.nintendo.co.jp;Q2 FY2024 Earnings;5.989999771118164;0.0067226828798785;0.0028401189192852;2023-11-07;0.0049544292880389;0.0033587525042685987;0.0160546041711139;0.0344669345438814;0.0344669345438814;Low;0;0
NTDOY_2024_Q1_EARNINGS;2024-02-06;Nintendo;NTDOY;;0;;;Earnings;;;https://www.nintendo.co.jp;Q3 FY2024 Earnings;4.21999979019165;-0.0276498521145639;0.0023104108269635;2024-02-06;-0.029076862605853;-0.0465383668890723;-0.053282040132751604;0.11040678357144759;0.11040678357144759;High;2;1
NTDOY_2024_Q2_EARNINGS;2024-05-07;Nintendo;NTDOY;;0;;;Earnings;;;https://www.nintendo.co.jp;FY2024 Full-Year Earnings;4.78000020980835;0.0346321056737224;0.001343429823275;2024-05-07;0.0338280337417173;0.001916660924558198;0.0234328812290904;0.021354204123110496;0.021354204123110496;Low;0;0
NTDOY_2024_Q3_EARNINGS;2024-08-06;Nintendo;NTDOY;;0;;;Earnings;;;https://www.nintendo.co.jp;Q1 FY2025 Earnings;3.700000047683716;0.0;0.010354085880061;2024-08-06;-0.0066088241254897;-0.011575562442305301;-0.0123755105595097;-0.038090179392083603;-0.038090179392083603;Medium;1;0
NTDOY_2024_Q4_EARNINGS;2024-11-05;Nintendo;NTDOY;;0;;;Earnings;;;https://www.nintendo.co.jp;Q2 FY2025 Earnings;2.900000095367432;0.0;0.0122656445452913;2024-11-05;-0.0078402687933409;-0.07573005630318891;-0.0378679447272;-0.037923266379332306;-0.037923266379332306;High;2;1
