scenario,const,market_return,is_rockstar,sent_negative,sent_positive,evt_delay,evt_earnings,evt_leak,evt_major announcement,evt_release,evt_trailer/reveal,trend_gta_z,trend_gta6_z,trend_gtavi_z,trend_rockstar_z,pred_AR_event,market_scenario,trend_scenario
bear_low,1.0,-0.02,1.0,0.0,1.0,0.0,0.0,0.0,1.0,0.0,0.0,-1.0,-1.0,-1.0,-1.0,0.03735820405804682,bear,low
bear_mid,1.0,-0.02,1.0,0.0,1.0,0.0,0.0,0.0,1.0,0.0,0.0,0.0,0.0,0.0,0.0,0.043484910592881454,bear,mid
bear_high,1.0,-0.02,1.0,0.0,1.0,0.0,0.0,0.0,1.0,0.0,0.0,1.0,1.0,1.0,1.0,0.049611617127716084,bear,high
base_low,1.0,0.0,1.0,0.0,1.0,0.0,0.0,0.0,1.0,0.0,0.0,-1.0,-1.0,-1.0,-1.0,0.02800174481611648,base,low
base_mid,1.0,0.0,1.0,0.0,1.0,0.0,0.0,0.0,1.0,0.0,0.0,0.0,0.0,0.0,0.0,0.03412845135095111,base,mid
base_high,1.0,0.0,1.0,0.0,1.0,0.0,0.0,0.0,1.0,0.0,0.0,1.0,1.0,1.0,1.0,0.04025515788578575,base,high
bull_low,1.0,0.02,1.0,0.0,1.0,0.0,0.0,0.0,1.0,0.0,0.0,-1.0,-1.0,-1.0,-1.0,0.018645285574186137,bull,low
bull_mid,1.0,0.02,1.0,0.0,1.0,0.0,0.0,0.0,1.0,0.0,0.0,0.0,0.0,0.0,0.0,0.02477199210902077,bull,mid
bull_high,1.0,0.02,1.0,0.0,1.0,0.0,0.0,0.0,1.0,0.0,0.0,1.0,1.0,1.0,1.0,0.030898698643855405,bull,high
