event_id;date_x;publisher;ticker;studio;is_rockstar;game;franchise;event_type;sentiment;impact_expectation_manual;source_url;notes;adj_close;return;market_return;trading_date;AR_event;CAR_m1_p1;CAR_0_1;CAR_0_3;CAR_0_5;impact_label;impact_label_num;impact_high;event_date;date_y;trend_gta;trend_gta6;trend_gtavi;trend_rockstar;trend_gta_mean;trend_gta_z;trend_gta6_z;trend_gtavi_z;trend_rockstar_z;trend_gta_mean_z
TTWO_2011_GTA5_ANNOUNCEMENT;2011-10-25;Take-Two;TTWO;Rockstar Games;1;GTA V;GTA;Major Announcement;positive;Medium;https://www.rockstargames.com/newswire/article/19161;Rockstar announces Grand Theft Auto V with first teaser information.;15.220000267028809;0.0576789370329091;-0.0200447250836162;2011-10-25;0.0759620056455902;0.0774570201749988;0.0688035958381492;0.0957919913066803;0.0957919913066803;High;2;1;2011-10-25;2011-10-25;47.5;50.25;26.0;42.25;41.25;-1.2928479220325002;0.535172105002361;-0.7114216540811917;-0.2769520952016311;-0.6859429166198788
GTAV_2011_TRAILER1;2011-11-02;Take-Two;TTWO;Rockstar;1;GTA V;GTA;Trailer/Reveal;positive;medium;https://www.rockstargames.com;GTA V Trailer #1;15.640000343322754;0.0228908032925403;0.0161046677655145;2011-11-02;0.0072167998973758;0.0003016949649346;0.0056520091220944;0.011005146213563;-0.0162095190187048;Low;0;0;2011-11-02;2011-11-02;49.25;45.5;19.0;39.25;37.91666666666666;-1.1115648473405904;0.04732472047998301;-1.6817274057793212;-0.7082362739889033;-1.2390352288351194
GTAV_2012_SCREENSHOTS;2012-07-12;Take-Two;TTWO;Rockstar;1;GTA V;GTA;Trailer/Reveal;neutral;low;https://www.rockstargames.com;First screenshot batch;9.100000381469728;-0.0065501601464909;-0.0049870972826125;2012-07-12;-0.0024115324554037;-0.0376773834567437;-0.0415313413289651;-0.0415313413289651;-0.0338952175966287;High;2;1;2012-07-12;2012-07-12;60.25;36.0;34.25;39.0;43.5;0.027928765008557916;-0.9283700485647729;0.43215298184874673;-0.744176622221176;-0.3126056058745925
GTAV_2012_TRAILER2;2012-11-14;Take-Two;TTWO;Rockstar;1;GTA V;GTA;Trailer/Reveal;positive;medium;https://www.rockstargames.com;GTA V Trailer #2;11.470000267028809;-0.0034752355393231;-0.0138520357188847;2012-11-14;0.0089907063637053;0.0253542075071828;0.0169162973482094;0.0377978925617738;0.0607884655658478;Medium;1;0;2012-11-14;2012-11-14;52.0;47.25;31.5;38.25;43.583333333333336;-0.8266914442533033;0.22705796740928016;0.05096143653876725;-0.8519976669179941;-0.29877829806921113
GTAV_2013_DELAY;2013-01-31;Take-Two;TTWO;Rockstar;1;GTA V;GTA;Delay;negative;medium;https://www.rockstargames.com;Delay to September 2013;12.170000076293944;-0.0681470378810965;-0.0025633010773032;2013-01-31;-0.0662852125313246;-0.02303395350702;-0.0261510564490791;-0.0261510564490791;-0.0353252691601183;Medium;1;0;2013-01-31;2013-01-31;49.25;44.5;19.25;38.5;37.66666666666666;-1.1115648473405904;-0.05537999205104392;-1.6470736289329595;-0.8160573186857213;-1.2805171522512624
TTWO_2013_GTA5_RELEASE;2013-09-17;Take-Two;TTWO;Rockstar Games;1;GTA V;GTA;Release;positive;high;https://www.rockstargames.com/newswire/article/5128;"GTA V official global release; record-breaking sales in 24 hours.";17.0;-0.0201729322060152;0.0042177393276741;2013-09-17;-0.0246809033914419;-0.0483489887668878;-0.0249013182044571;-0.0293547620967787;-0.0293547620967787;High;2;1;2013-09-17;2013-09-17;60.75;51.5;19.5;40.75;43.91666666666666;0.07972392920624648;0.6635529956661447;-1.6124198520865978;-0.4925941845952672;-0.24346906684768918
TTWO_2013_GTAONLINE_LAUNCH;2013-10-01;Take-Two;TTWO;Rockstar Games;1;GTA Online;GTA;Release;Positive;Medium;https://www.rockstargames.com/newswire/article/5151;Launch of GTA Online as an online component to GTA V.;18.3799991607666;0.0115574619477651;0.007998543475556;2013-10-01;0.0034979777609166;0.0016619276209741;-0.0062149718678436;-0.0256817027090962;-0.0256817027090962;Low;0;0;2013-10-01;2013-10-01;66.25;40.75;28.75;39.0;45.25;0.6494707353808206;-0.44052266404239493;-0.3302301087712122;-0.744176622221176;-0.02223214196159198
TTWO_2014_GTAONLINE_HEISTS;2014-12-09;Take-Two;TTWO;Rockstar Games;1;GTA Online;GTA;Major Announcement;Positive;Medium;https://www.rockstargames.com/newswire/article/52249;"GTA Online Heists trailer; major content update anticipation.";27.11000061035156;0.0207078748293816;-0.0002378235413311;2014-12-09;0.0203852538602014;-0.0241354564157745;0.0145419437600991;0.08353242585793;0.08353242585793;Medium;1;0;2014-12-09;2014-12-09;61.75;32.25;28.75;37.25;40.91666666666666;0.1833142576016236;-1.313512720556124;-0.3302301087712122;-0.9957590598470848;-0.7412521478414044
TTWO_2015_GTA5_PC_RELEASE;2015-04-14;Take-Two;TTWO;Rockstar Games;1;GTA V;GTA;Release;Positive;Medium;https://www.rockstargames.com/newswire/article/52389;PC release of GTA V with enhanced graphics and features.;24.93000030517578;0.0076798923126679;0.0016297588743277;2015-04-14;0.0056029505770564;-0.0129838926228247;0.0042321983025388;0.0021114593286732;0.0021114593286732;Medium;1;0;2015-04-14;2015-04-14;67.5;37.0;27.5;58.25;44.0;0.778958645875042;-0.8256653360337459;-0.5034989930030211;2.0232301916638207;-0.22964175904230663
TTWO_2016_RDR2_ANNOUNCEMENT;2016-10-18;Take-Two;TTWO;Rockstar Games;1;Red Dead Redemption 2;Red Dead;Trailer/Reveal;Positive;High;https://www.rockstargames.com/newswire/article/50802;Teaser announcement and first trailer for Red Dead Redemption 2.;45.09000015258789;0.0053512081746287;0.0061604033182458;2016-10-18;-0.0009816119450583;0.0300236677341689;-0.0228813899253495;-0.0051929790337533;-0.0051929790337533;High;2;1;2016-10-18;2016-10-18;58.5;41.25;34.5;49.25;44.75;-0.15335430968335204;-0.38917030777688144;0.4668067586951085;0.729377655302004;-0.10519598879387784
RDR2_2016_TRAILER1;2016-10-20;Take-Two;TTWO;Rockstar;1;RDR2;Red Dead;Trailer/Reveal;positive;medium;https://www.rockstargames.com;RDR2 Trailer #1;44.97999954223633;0.0171867548745652;-0.0013757239543792;2016-10-20;0.017933025060069;-0.004211367088695;0.0176884108915962;0.0176884108915962;0.0354975195480527;Low;0;0;2016-10-20;2016-10-20;58.5;41.25;34.5;49.25;44.75;-0.15335430968335204;-0.38917030777688144;0.4668067586951085;0.729377655302004;-0.10519598879387784
RDR2_2017_DELAY;2017-02-01;Take-Two;TTWO;Rockstar;1;RDR2;Red Dead;Delay;negative;medium;https://www.rockstargames.com;Delay to 2018;54.36000061035156;0.0132339061375454;0.0002983634896507;2017-02-01;0.0124076158067051;0.0227011585965693;0.0194200335782857;-0.0038260596149292;0.0026214860738927;Medium;1;0;2017-02-01;2017-02-01;62.0;23.5;33.5;34.5;39.66666666666666;0.20921183970046786;-2.2121789552026097;0.32819165130966144;-1.3911028904020843;-0.948661764922119
NTDOY_2017_SWITCH_LAUNCH;2017-03-03;Nintendo;NTDOY;Nintendo;0;Nintendo Switch;Switch;Release;Positive;High;https://www.nintendo.com/switch/;Global launch of the Nintendo Switch console.;7.619999885559082;-0.0052219272388812;0.00050387727206;2017-03-03;-0.0054851512589808;0.0009690179166146;-0.0054851512589808;-0.0033125422428451;-0.001153751151809;Low;0;0;2017-03-03;2017-03-03;;;;;;;;;;
RDR2_2017_SCREENSHOTS;2017-05-03;Take-Two;TTWO;Rockstar;1;RDR2;Red Dead;Trailer/Reveal;neutral;low;https://www.rockstargames.com;New screenshots;63.9900016784668;-0.0015602225797711;-0.0012713605313821;2017-05-03;-0.0009119865793637;-0.0071056155445387;-0.0071618926517149;0.0160982017863273;0.0100140915396865;Low;0;0;2017-05-03;2017-05-03;64.25;36.75;19.5;40.25;40.16666666666666;0.44229007859006636;-0.8513415141665027;-1.6124198520865978;-0.5644748810598126;-0.8656979180898331
TTWO_2017_RDR2_DELAY;2017-05-22;Take-Two;TTWO;Rockstar Games;1;Red Dead Redemption 2;Red Dead;Delay;Negative;Medium;https://www.rockstargames.com/newswire/article/60276;Announcement that RDR2 release is delayed into the following year.;69.04000091552734;0.0216040107267614;0.0051601311497457;2017-05-22;0.0162108001378612;0.0688340917027368;0.0688340917027368;0.1388032803014064;0.1193739328614844;High;2;1;2017-05-22;2017-05-22;49.0;40.5;38.5;40.75;42.66666666666666;-1.1374624294394347;-0.4661988421751517;1.0212671882368969;-0.4925941845952672;-0.45087868392840386
RDR2_2017_TRAILER2;2017-09-28;Take-Two;TTWO;Rockstar;1;RDR2;Red Dead;Trailer/Reveal;positive;medium;https://www.rockstargames.com;Trailer #2;100.88999938964844;0.0075901543700935;0.0012046155961591;2017-09-28;0.0059125726173917;0.0379695560032266;0.0151679731513683;0.0151679731513683;-0.002825836295967;High;2;1;2017-09-28;2017-09-28;57.5;52.75;37.5;51.25;49.25;-0.25694463807872914;0.7919338863299283;0.8826520808514497;1.0169004411601854;0.6414786326966949
EA_2017_SWBF2_CONTROVERSY;2017-11-17;EA;EA;DICE;0;Star Wars Battlefront II;Star Wars;Controversy;Negative;High;https://www.polygon.com/2017/11/17/swbf2-controversy;Severe backlash due to lootbox monetization and pay-to-win design.;105.80502319335938;-0.0249103524309609;-0.0026259630899742;2017-11-17;-0.0231303822298784;-0.0292173732194451;-0.0231303822298784;-0.0354183447979125;-0.0439547072433897;Medium;1;0;2017-11-17;2017-11-17;;;;;;;;;;
EA_2017_BATTLEFRONT2_RELEASE;2017-11-17;Electronic Arts;EA;DICE;0;Battlefront II;Star Wars;Release;negative;high;https://www.ea.com;Battlefront II microtransaction backlash (-10%);105.80502319335938;-0.0249103524309609;-0.0026259630899742;2017-11-17;-0.0231303822298784;-0.0292173732194451;-0.0231303822298784;-0.0354183447979125;-0.0439547072433897;Medium;1;0;2017-11-17;2017-11-17;;;;;;;;;;
RDR2_2018_GAMEPLAY;2018-08-09;Take-Two;TTWO;Rockstar;1;RDR2;Red Dead;Trailer/Reveal;positive;high;https://www.rockstargames.com;Gameplay trailer;125.1999969482422;0.0020008003689953;-0.0014416744645237;2018-08-09;0.0028090214213166;0.059820353931297;0.0376995011797715;0.0376995011797715;0.0366622332273598;High;2;1;2018-08-09;2018-08-09;62.0;54.25;39.5;36.75;51.91666666666666;0.20921183970046786;0.9459909551264687;1.159882295622344;-1.0676397563116302;1.0839524824688846
TTWO_2018_RDR2_RELEASE;2018-10-26;Take-Two;TTWO;Rockstar Games;1;Red Dead Redemption 2;Red Dead;Release;Positive;High;https://www.rockstargames.com/newswire/article/54296;Launch of RDR2 with massive sales expectations.;120.05999755859376;-0.005302397728501;-0.0173272640399783;2018-10-26;0.0104280133410107;0.0800678043440273;0.0104280133410107;-0.0534214611344888;0.0697741032377475;High;2;1;2018-10-26;2018-10-26;74.0;41.5;29.25;43.0;48.25;1.4522957804449932;-0.36349412964412475;-0.2609225550784887;-0.16913105050481306;0.4755509390321232
EA_2019_APEX_LAUNCH;2019-02-04;EA;EA;Respawn Entertainment;0;Apex Legends;Apex Legends;Release;Positive;High;https://www.ea.com/games/apex-legends/news;Surprise launch of Apex Legends, free-to-play battle royale with strong early adoption.;85.97994232177734;-0.0305856496166707;0.006776236617404;2019-02-04;-0.0365756646914714;0.0053944706072544;0.0053944706072544;-0.070369272758086;0.0892047955284471;Low;0;0;2019-02-04;2019-02-04;;;;;;;;;;
EA_2019_ANTHEM_RELEASE;2019-02-22;EA;EA;BioWare;0;Anthem;Anthem;Release;Negative;High;https://www.ea.com/games/anthem;Launch of Anthem with significant technical issues and disappointing reception.;93.2624282836914;-0.0097048831207087;0.0064111023949868;2019-02-22;-0.0153931509852607;-0.0308146739857774;-0.0153931509852607;-0.0174268588459481;0.0037353663219711;High;2;1;2019-02-22;2019-02-22;;;;;;;;;;
ATVI_2019_CODMOBILE_LAUNCH;2019-10-01;Activision;ATVI;TiMi Studios;0;Call of Duty: Mobile;Call of Duty;Release;Positive;Medium;https://www.callofduty.com/mobile;Global launch of Call of Duty: Mobile expanding the franchise to mobile.;94.06942749023438;-0.010938590821877;-0.0122583733729132;2019-10-01;-0.0011983891431574;0.0052783674056057;-0.0126331507026394;-0.0173333288429311;-0.0173333288429311;Low;0;0;2019-10-01;2019-10-01;;;;;;;;;;
UBI_2019_GHOSTRECON_BREAKPOINT_LAUNCH;2019-10-04;Ubisoft;UBI;Ubisoft Paris;0;Tom Clancy's Ghost Recon Breakpoint;Ghost Recon;Release;Negative;High;https://news.ubisoft.com/;Launch of Breakpoint with weak reception leading to later profit warning (-31%).;9.48644733428955;0.0126502112695128;0.0142168975854601;2019-10-04;0.0033331270243258;0.0060682526111226;0.0033331270243258;-0.0111548354670178;0.0034756427180551;Low;0;0;2019-10-04;2019-10-04;;;;;;;;;;
UBI_2019_UBI_PROFIT_WARNING;2019-10-24;Ubisoft;UBI;Ubisoft;0;Multiple titles;Portfolio;Major Announcement;Negative;High;https://news.ubisoft.com/;Ubisoft issues profit warning and delays several titles after underperformance.;8.607523918151855;-0.0129105384443681;0.0019204463587332;2019-10-24;-0.01439943759121;-0.0516488183720787;-0.0468592799135529;-0.0468592799135529;-0.0339263111383051;High;2;1;2019-10-24;2019-10-24;;;;;;;;;;
ATVI_2019_CODMW_RELEASE;2019-10-25;Activision;ATVI;Infinity Ward;0;Call of Duty: Modern Warfare;Call of Duty;Release;Positive;High;https://www.callofduty.com/mw/news;Major franchise reboot for Call of Duty with strong sales expectations.;93.64160919189452;0.0034379406823605;0.0040727005061091;2019-10-25;-0.0003178700114063;0.0005262172363612;-0.0003178700114063;-0.0010631376527691;-0.0032597023655808;Low;0;0;2019-10-25;2019-10-25;;;;;;;;;;
TTWO_2020_RDR2_PC_STEAM;2019-12-05;Take-Two;TTWO;Rockstar Games;1;Red Dead Redemption 2;Red Dead;Release;Positive;Low;https://store.steampowered.com/app/1174180/Red_Dead_Redemption_2/;RDR2 becomes available on Steam for PC players, expanding audience.;123.97000122070312;0.0164808310209831;0.0015002511791302;2019-12-05;0.014525542839824;-0.0123654324638195;0.0034619084242844;0.0034619084242844;-0.004716047465225;Medium;1;0;2019-12-05;2019-12-05;59.5;40.25;32.5;49.75;44.083333333333336;-0.04976398128797492;-0.4918750203079084;0.18957654392421433;0.8012583517665494;-0.21581445123692528
ATVI_2020_WARCRAFT3_REFORGED;2020-01-28;Activision Blizzard;ATVI;Blizzard;0;Warcraft III: Reforged;Warcraft;Controversy;Negative;Medium;https://news.blizzard.com/;Release of Warcraft III: Reforged with strong community backlash over quality issues.;108.79966735839844;0.0121198825563668;0.010053584595046;2020-01-28;0.0034214645202631;0.0033708051980912;0.0065182247462954;-0.020621329201244;-0.020621329201244;Low;0;0;2020-01-28;2020-01-28;;;;;;;;;;
ATVI_2020_WARZONE_LAUNCH;2020-03-10;Activision;ATVI;Infinity Ward;0;Call of Duty: Warzone;Call of Duty;Release;Positive;High;https://www.callofduty.com/warzone;Launch of free-to-play battle royale Warzone with rapid user growth.;100.51573944091795;0.0242742313550088;0.0493963062815614;2020-03-10;-0.016937043005292;0.0015698755294471;0.0017771985716621;-0.0347948044615772;-0.0347948044615772;Low;0;0;2020-03-10;2020-03-10;;;;;;;;;;
NTDOY_2020_ANIMALCROSSING_RELEASE;2020-03-20;Nintendo;NTDOY;Nintendo EPD;0;Animal Crossing: New Horizons;Animal Crossing;Release;Positive;High;https://www.nintendo.com/;Release of AC: New Horizons, massive success during early COVID period.;12.65999984741211;0.0119903769613025;-0.0433595123084619;2020-03-20;0.0399843747546417;-0.0021575854330593;0.0399843747546417;0.0755048286239914;0.0620240030972967;Low;0;0;2020-03-20;2020-03-20;;;;;;;;;;
EA_2020_FIFA_ULTIMATETEAM_REVENUE;2020-05-05;EA;EA;EA Sports;0;FIFA Ultimate Team;FIFA;Major Announcement;Positive;Medium;https://ir.ea.com/;Earnings call emphasizing record revenue from FIFA Ultimate Team microtransactions.;116.29608154296876;0.0237954209160089;0.0090405563857973;2020-05-05;0.0159341701933946;0.0129719823470047;-0.0145550741744555;-0.0274923629914742;-0.0274923629914742;Medium;1;0;2020-05-05;2020-05-05;;;;;;;;;;
UBI_2020_SKULLBONES_DELAY;2020-07-13;Ubisoft;UBI;Ubisoft Singapore;0;Skull and Bones;Skull and Bones;Delay;negative;medium;https://www.ubisoft.com;Another delay announcement;11.198866844177246;-0.0102984773353348;-0.0093625411277882;2020-07-13;-0.0046043841799082;-0.0188728756765083;-0.0188728756765083;-0.0307089367480991;-0.0347547182859937;Medium;1;0;2020-07-13;2020-07-13;;;;;;;;;;
TTWO_2020_CODEMASTERS_LOSS;2020-11-06;Take-Two;TTWO;; ; ;TTWO;Corporate Event;negative;high;https://ir.take2games.com;Lost Codemasters bid to EA (-23%);175.19000244140625;0.0385938466225679;-0.0002877151874185;2020-11-06;0.0383180915641334;0.0497876357515645;0.0383180915641334;-0.0599811905417861;-0.0556957280823057;High;2;1;2020-11-06;2020-11-06;67.75;41.0;25.0;59.5;44.583333333333336;0.8048562279738863;-0.4148464859096382;-0.8500367614666388;2.202931932825184;-0.1328506044046394
UBI_2020_AC_VALHALLA_RELEASE;2020-11-10;Ubisoft;UBI;Ubisoft Montreal;0;Assassin's Creed Valhalla;Assassin's Creed;Release;Positive;Medium;https://news.ubisoft.com/;Major Assassin's Creed franchise entry and cross-gen launch title.;12.721674919128418;-0.0285068055866286;-0.001399794593191;2020-11-10;-0.0278819679923956;-0.1198268211960317;-0.0504081515547938;-0.0181670155115832;-0.0181670155115832;High;2;1;2020-11-10;2020-11-10;;;;;;;;;;
NTDOY_2021_SWITCH_OLED_ANN;2021-07-06;Nintendo;NTDOY;Nintendo;0;Nintendo Switch OLED;Switch;Major Announcement;Neutral;Medium;https://www.nintendo.com/switch/oled-model/;Announcement of the Switch OLED model with improved screen but no power upgrade.;14.520000457763672;0.0041494066015499;-0.0020218560598241;2021-07-06;0.0055132845378467;0.0013446156899905;0.0013446156899905;-0.0196065485719217;-0.0196065485719217;Low;0;0;2021-07-06;2021-07-06;;;;;;;;;;
ATVI_2021_LAWSUIT;2021-07-20;Activision Blizzard;ATVI;;0;;Activision;Controversy;negative;high;https://www.bloomberg.com;California lawsuit (-10%);137.67835998535156;-0.0012034854586036;0.0151626094378556;2021-07-20;-0.0141240056663512;-0.0240797453442931;-0.023806536027198;-0.0045051955217497;-0.0045051955217497;Medium;1;0;2021-07-20;2021-07-20;;;;;;;;;;
ATVI_2021_DIABLO2_RESURRECTED;2021-09-23;Activision Blizzard;ATVI;Blizzard;0;Diablo II: Resurrected;Diablo;Release;Neutral;Medium;https://news.blizzard.com/;Launch of D2R with mixed expectations and some technical issues.;124.96346282958984;0.0117880218047732;0.0121347157844948;2021-09-23;0.001369755307409;0.0043916107614336;0.0154888175110501;0.0154888175110501;0.0634070323090899;Low;0;0;2021-09-23;2021-09-23;;;;;;;;;;
EA_2021_BF2042_BAD_RELEASE;2021-11-19;Electronic Arts;EA;DICE;0;Battlefield 2042;Battlefield;Release;negative;high;https://www.ea.com;Disastrous launch (-6%);129.36050415039062;-0.0359716942330371;-0.0013986655593032;2021-11-19;-0.0352059636821673;-0.0442568452348612;-0.0352059636821673;-0.0791056165691251;-0.0799897788483113;High;2;1;2021-11-19;2021-11-19;;;;;;;;;;
TTWO_2022_ZYNGA_ACQUISITION;2022-01-10;Take-Two;TTWO;; ;Zynga;TTWO;Corporate Event;negative;high;https://ir.take2games.com;Announced Zynga acquisition (-27%);142.99000549316406;-0.1312879696782101;-0.0014410312534549;2022-01-10;-0.1304803528286943;-0.1016562104295231;-0.1016562104295231;-0.048421344563482;-0.0642696848913866;High;2;1;2022-01-10;2022-01-10;73.0;55.5;35.0;32.5;54.5;1.3487054520496162;1.0743718457902525;0.536114312387832;-1.6786256762602658;1.5125990244356964
ATVI_2022_MSFT_ACQUISITION_ANN;2022-01-18;Activision Blizzard;ATVI;Activision Blizzard;0;Corporate;Corporate;Major Announcement;Positive;High;https://news.microsoft.com/2022/01/18/microsoft-to-acquire-activision-blizzard/;Microsoft announces intention to acquire Activision Blizzard in a major industry deal (-26%).;131.02203369140625;0.0266021477003863;-0.0183879456940073;2022-01-18;0.0414078327941186;0.0714283895288664;0.0714283895288664;0.1107255577109295;0.1107255577109295;High;2;1;2022-01-18;2022-01-18;;;;;;;;;;
TTWO_2022_GTA6_DEV-ANNOUNCEMENT;2022-02-04;Take-Two;TTWO;Rockstar Games;1;GTA VI;GTA;Major Announcement;Neutral;Low;https://en.wikipedia.org/wiki/Grand_Theft_Auto_VI#:~:text=Following%20years%20of%20speculation%20and,and%20Xbox%20Series%20X/S.;Annoucement of development after leak ;175.0;0.0734878874589923;0.0051569298644233;2022-02-04;0.0680976840098431;0.0781642242594172;0.0680976840098431;0.0716003441084209;0.0332307876839129;High;2;1;2022-02-04;2022-02-04;57.5;45.0;17.25;41.25;39.91666666666666;-0.25694463807872914;-0.004027635785530454;-1.9243038437038538;-0.42071348813072185;-0.9071798415059761
TTWO_2022_GTA5_NEXTGEN;2022-03-15;Take-Two;TTWO;Rockstar Games;1;GTA V (PS5/Xbox Series);GTA;Release;Positive;Medium;https://www.rockstargames.com/newswire/article/22887;Next-gen versions of GTA V and GTA Online released for PS5 and Xbox Series.;142.8800048828125;0.0074742455496457;0.0214085741708709;2022-03-15;-0.0131820028442446;-0.0629970690140629;0.0066090021877046;0.0002426546282161;0.0002426546282161;High;2;1;2022-03-15;2022-03-15;59.5;51.75;30.5;40.25;47.25;-0.04976398128797492;0.6892291737989014;-0.08765367084667983;-0.5644748810598126;0.3096232453675515
TTWO_2022_GTA_PLUS_SUBSCRIPTION;2022-03-29;Take-Two;TTWO;Rockstar Games;1;GTA Online;GTA;Major Announcement;Neutral;Medium;https://www.rockstargames.com/newswire/article/80479;Introduction of GTA+ subscription service for GTA Online players.;158.57000732421875;0.0132268838608227;0.0122565474275304;2022-03-29;0.0011676271906485;-0.0036080939154158;-0.009295414923935;-0.0258519668356961;-0.0258519668356961;Low;0;0;2022-03-29;2022-03-29;83.75;43.75;37.5;51.0;55.0;2.46230148229992;-0.1324085264493141;0.8826520808514497;0.9809600929279129;1.5955628712679824
UBI_2023_AC_MIRAGE_ANNOUNCEMENT;2022-09-12;Ubisoft;UBI;Ubisoft Bordeaux;0;Assassin's Creed Mirage;Assassin's Creed;Trailer/Reveal;Positive;Medium;https://news.ubisoft.com/;Reveal of Assassin's Creed Mirage as a more classic AC-style entry.;10.23106288909912;0.0136985718894149;0.0105842727693497;2022-09-12;0.0066940946662884;0.058277614823846;0.058277614823846;0.0840391833057039;0.0724751352803318;High;2;1;2022-09-12;2022-09-12;;;;;;;;;;
GTA6_2022_LEAK;2022-09-19;Take-Two;TTWO;Rockstar;1;GTA VI;GTA;Leak;negative;high;https://www.nytimes.com/2022/09/18/technology/gta-6-leak.html;Massive gameplay leak (90 videos);125.08000183105467;0.0071664334660783;0.0068571007162865;2022-09-19;0.0001791679505396;-0.0168810088590929;-0.0168810088590929;-0.0519259594314275;-0.0744576915914617;Medium;1;0;2022-09-19;2022-09-19;63.5;44.5;38.25;40.25;48.75;0.3645973322935335;-0.05537999205104392;0.986613411390535;-0.5644748810598126;0.5585147858644091
UBI_2022_SKULL_AND_BONES_DELAY;2022-09-28;Ubisoft;UBI;Ubisoft Singapore;0;Skull and Bones;Skull and Bones;Delay;Negative;Medium;https://news.ubisoft.com/;Further delay of Skull and Bones after multiple postponements.;10.2982177734375;0.0032711291081435;0.0196721399262347;2022-09-28;-0.0095188796428628;0.0010158735736126;-0.0088021322467447;-0.0095756356609438;-0.043389091968622;Low;0;0;2022-09-28;2022-09-28;;;;;;;;;;
EA_2022_FIFA23_RELEASE;2022-09-30;EA;EA;EA Sports;0;FIFA 23;FIFA;Release;Positive;Medium;https://www.ea.com/games/fifa/fifa-23;Annual FIFA release with strong sales forecast.;113.68753051757812;-0.0149827051445113;-0.0150666957719832;2022-09-30;-0.0029217036136482;0.0067116520215268;-0.0029217036136482;0.0111632071723321;0.0103401720234219;Low;0;0;2022-09-30;2022-09-30;;;;;;;;;;
NTDOY_2022_POKEMON_SV_RELEASE;2022-11-18;Nintendo;NTDOY;Game Freak;0;Pokémon Scarlet and Violet;Pokémon;Release;Positive;Medium;https://www.nintendo.com/;Launch of Pokémon Scarlet/Violet with strong sales but technical criticisms.;5.320000171661377;-0.0166358000534481;0.0047585819088147;2022-11-18;-0.0196399461459456;-0.0321603314483512;-0.0196399461459456;-0.058430089849103;-0.0243453018603288;High;2;1;2022-11-18;2022-11-18;;;;;;;;;;
NTDOY_2023_ZELDA_TOTK_RELEASE;2023-05-12;Nintendo;NTDOY;Nintendo;0;The Legend of Zelda: Tears of the Kingdom;Zelda;Release;positive;high;https://www.nintendo.com;TOTK launch success;5.599999904632568;-0.0294627516214736;-0.0015833068345566;2023-05-12;-0.0283813913577279;-0.0220005134825853;-0.0283813913577279;-0.0123685648892206;-0.0627729822820221;Medium;1;0;2023-05-12;2023-05-12;;;;;;;;;;
UBI_EARN_FY2023;2023-05-16;Ubisoft;UBI;Earnings;0;;;Earnings;;;https://www.ubisoft.com/en-us/company/investors/earnings;Full-Year 2022–2023 Results;10.57670783996582;-0.0009329025430332;-0.006377683373153;2023-05-16;0.0028609660220068;0.0180957511676491;0.0164998782198959;0.0017666056277093;0.0017666056277093;Medium;1;0;2023-05-16;2023-05-16;;;;;;;;;;
ATVI_EARN_2023Q3;2023-10-04;Activision Blizzard;ATVI;Earnings;0;;;Earnings;;;https://investor.activisionblizzard.com/news-releases/news-release-details/activision-blizzard-announces-third-quarter-2023-financial;Q3 2023 Earnings;119.35604095458984;0.0097866635030083;0.0081097549571607;2023-10-04;0.0026946278173393;0.0099363134047549;0.0039621096476224;0.0117731654969388;0.0194297787512897;Low;0;0;2023-10-04;2023-10-04;;;;;;;;;;
UBI_2023_ASSASSINSMIRAGE_RELEASE;2023-10-05;Ubisoft;UBI;Ubisoft Montreal;0;Assassin's Creed Mirage;Assassin's Creed;Release;positive;medium;https://www.ubisoft.com;Mirage launch reception;10.260690689086914;0.0166341083885457;-0.0013040301597772;2023-10-05;0.0171979802865156;0.015609799375228;0.017109675466189;0.017109675466189;0.0168757044596586;Medium;1;0;2023-10-05;2023-10-05;;;;;;;;;;
UBI_EARN_H1_2024;2023-11-07;Ubisoft;UBI;Earnings;0;;;Earnings;;;https://www.ubisoft.com/en-us/company/investors/earnings;H1 2023–2024 Results;10.84334659576416;0.0280898195709429;0.0028401189192852;2023-11-07;0.0260154371085389;0.0472243849347848;0.0597177814764949;0.0585861737973643;0.0585861737973643;High;2;1;2023-11-07;2023-11-07;;;;;;;;;;
NTDOY_EARN_2023Q2;2023-11-07;Nintendo;NTDOY;Earnings;0;;;Earnings;;;https://www.nintendo.co.jp/ir/en/;Q2 FY2023 Earnings Release;5.989999771118164;0.0067226828798785;0.0028401189192852;2023-11-07;0.0049544292880389;0.0033587525042685;0.0160546041711139;0.0344669345438814;0.0344669345438814;Low;0;0;2023-11-07;2023-11-07;;;;;;;;;;
TTWO_2023_GTA6_TRAILER1;2023-12-05;Take-Two;TTWO;Rockstar Games;1;GTA VI;GTA;Trailer/Reveal;Positive;High;https://www.youtube.com/watch?v=QdBZY2fkU-0;Official GTA VI trailer release generating global hype.;156.75999450683594;-0.0050774502675421;-0.0005688697261614;2023-12-05;-0.0050891017224313;0.0043671472635293;0.0016066053357501;-0.023388155507788;-0.023388155507788;Low;0;0;2023-12-05;2023-12-05;64.75;41.25;44.0;47.0;50.0;0.49408524278775495;-0.38917030777688144;1.7836502788568558;0.40591452121154986;0.7659244029451237
GTA6_2024_KEYART;2024-05-16;Take-Two;TTWO;Rockstar;1;GTA VI;GTA;Trailer/Reveal;positive;medium;https://ir.take2games.com;Official screenshots/key art;146.0800018310547;-0.0135062126909061;-0.0020816677921287;2024-05-16;-0.0120968114306425;0.0082829081682617;-0.0016888123495863;-0.0016888123495863;0.0181522402253608;Low;0;0;2024-05-16;2024-05-16;49.25;57.25;43.0;55.25;49.833333333333336;-1.1115648473405904;1.2541050927195496;1.6450351714714087;1.5919460128765484;0.7382697873343621
TTWO_2025_GTA6_DELAY1;2025-05-02;Take-Two;TTWO;Rockstar Games;1;GTA VI;GTA;Delay;Negative;High;https://www.youtube.com/watch?v=VQRLujxTm3c;"Announcement of GTA VI release delay; market reaction around -8%.";219.5;-0.0666326414549191;0.0147265741296347;2025-05-02;-0.0810121272624043;-0.0795462496278427;-0.0810121272624043;-0.0490487305684224;-0.0417835495720183;High;2;1;2025-05-02;2025-05-02;51.5;52.0;31.0;44.5;44.833333333333336;-0.8784866084509918;0.714905351931658;-0.01834611715395629;0.046511038888823054;-0.09136868098849647
TTWO_2025_GTA6_TRAILER2;2025-05-06;Take-Two;TTWO;Rockstar Games;1;GTA VI;GTA;Trailer/Reveal;Positive;Medium;https://www.rockstargames.com/newswire/article/258aa538o412ok/grand-theft-auto-vi-is-now-coming-may-26-2026#:~:text=Grand%20Theft%20Auto%20VI%20is,quality%20you%20expect%20and%20deserve.;"Released alongside the delay news; cinematic style, introduced protagonists Jason & Lucia.";231.83999633789065;0.0289365737694573;-0.0076932396518555;2025-05-06;0.0356172267631375;0.0392285776903859;0.007265180996404;0.0023404522147614;0.0023404522147614;High;2;1;2025-05-06;2025-05-06;54.75;38.75;28.75;48.25;40.75;-0.5418180411660162;-0.6459320891044488;-0.3302301087712122;0.5856162623729133;-0.7689067634521647
TTWO_2025_GTA6_DELAY2;2025-11-06;Take-Two;TTWO;Rockstar Games;1;GTA VI;GTA;Delay;Negative;High;https://www.rockstargames.com/newswire/article/ak3ak31a49a221/grand-theft-auto-vi-is-now-set-to-launch-november-19-2026#:~:text=Grand%20Theft%20Auto%20VI%20%2D%20Watch,Contact;"Second announcement of GTA VI release delay; makret reaction around -8%";252.3999938964844;-0.0092636232581182;-0.011178189042419;2025-11-06;0.0006906304262554;-0.0766124874306622;-0.0818647735036978;-0.0818647735036978;-0.0621252194868726;High;2;1;2025-11-06;2025-11-06;44.5;35.5;31.75;52.25;37.25;-1.6036189072186318;-0.9797224048302864;0.08561521338512902;1.1606618340892763;-1.3496536912781658
TTWO_EARN_Q3_2020;2020-02-06;Take-Two;TTWO;;1;;;Earnings;;;https://ir.take2games.com;Q3 2020 earnings conference call;127.73999786376952;0.0578005598216604;0.0033256728767856;2020-02-06;0.0541305547076149;-0.1195879164011895;-0.059864148947772;-0.059864148947772;-0.0711114062474848;High;2;1;2020-02-06;2020-02-06;75.75;57.5;31.25;44.5;54.833333333333336;1.6335788551369033;1.2797812708523062;0.016307659692405482;0.046511038888823054;1.5679082556572208
TTWO_EARN_Q4_2020;2020-05-20;Take-Two;TTWO;;1;;;Earnings;;;https://ir.take2games.com;Q4 2020 earnings conference call;146.83999633789062;0.0323396419226631;0.0166511002590801;2020-05-20;0.0161523450509284;0.0228127901983013;-0.0359991330193111;-0.02196770037623;-0.02196770037623;Medium;1;0;2020-05-20;2020-05-20;74.0;59.5;35.25;36.25;56.25;1.4522957804449932;1.4851906959143601;0.5707680892341939;-1.1395204527761755;1.802972488348697
TTWO_EARN_Q1_2021;2020-08-03;Take-Two;TTWO;;1;;;Earnings;;;https://ir.take2games.com;Q1 2021 earnings conference call;167.69000244140625;0.0223753083364692;0.0071810234393261;2020-08-03;0.015083764758028;0.069764945368295;0.069764945368295;0.0556445684332726;0.0410834183774586;High;2;1;2020-08-03;2020-08-03;74.25;57.5;38.5;45.25;56.75;1.4781933625438375;1.2797812708523062;1.0212671882368969;0.1543320835856411;1.8859363351809828
TTWO_EARN_Q2_2021;2020-11-05;Take-Two;TTWO;;1;;;Earnings;;;https://ir.take2games.com;Q2 2021 earnings conference call;168.67999267578125;0.0302955742615209;0.0194601941389629;2020-11-05;0.0114695441874311;0.0589948534898727;0.0497876357515645;0.0497876357515645;-0.079619794688069;High;2;1;2020-11-05;2020-11-05;67.75;41.0;25.0;59.5;44.583333333333336;0.8048562279738863;-0.4148464859096382;-0.8500367614666388;2.202931932825184;-0.1328506044046394
TTWO_EARN_Q3_2021;2021-02-08;Take-Two;TTWO;;1;;;Earnings;;;https://ir.take2games.com;Q3 2021 earnings conference call;213.33999633789065;0.0281940849672361;0.0073993483603735;2021-02-08;0.0206974570296729;-0.0398787820890285;-0.0398787820890285;-0.0581665890355855;-0.049237747097712;High;2;1;2021-02-08;2021-02-08;64.5;45.75;36.75;31.0;49.0;0.46818766068891066;0.07300089861273974;0.7786907503123645;-1.8942677656539018;0.5999967092805519
TTWO_EARN_Q4_2021;2021-05-18;Take-Two;TTWO;;1;;;Earnings;;;https://ir.take2games.com;Q4 2021 earnings conference call;167.69000244140625;-0.0031506287923606;-0.0085172929593646;2021-05-18;0.0043041018633753;0.0852523507396068;0.0760560731635508;0.0938441966970313;0.0938441966970313;High;2;1;2021-05-18;2021-05-18;57.5;36.25;38.0;37.25;43.91666666666666;-0.25694463807872914;-0.9026938704320161;0.9519596345441733;-0.9957590598470848;-0.24346906684768918
TTWO_EARN_Q1_2022;2021-08-02;Take-Two;TTWO;;1;;;Earnings;;;https://ir.take2games.com;Q1 2022 earnings conference call;173.2100067138672;-0.0012108837348363;-0.0018428056148913;2021-08-02;-2.585858474019238e-05;-0.0853519046636843;-0.0853519046636843;-0.1070867716580392;-0.0995113194157598;High;2;1;2021-08-02;2021-08-02;60.75;48.75;25.0;43.25;44.833333333333336;0.07972392920624648;0.38111503620582055;-0.8500367614666388;-0.13319070227254037;-0.09136868098849647
TTWO_EARN_Q2_2022;2021-11-03;Take-Two;TTWO;;1;;;Earnings;;;https://ir.take2games.com;Q2 2022 earnings conference call;184.1600036621093;0.0011960488082147;0.0064612791953579;2021-11-03;-0.0054194002305017;0.0343777952345319;0.037619285804188;0.0039675153288424;-0.0084167137544866;High;2;1;2021-11-03;2021-11-03;80.0;72.25;32.75;42.0;61.66666666666666;2.073837750817256;2.7946757806849534;0.2242303207705761;-0.31289244343390377;2.701747495698459
TTWO_EARN_Q3_2022;2022-02-07;Take-Two;TTWO;;1;;;Earnings;;;https://ir.take2games.com;Q3 2022 earnings conference call;175.10000610351562;0.0005714634486606;-0.0037017126347429;2022-02-07;0.0035026600985778;-0.0214970841079262;-0.0214970841079262;-0.0136958432371159;-0.006067640750577;Medium;1;0;2022-02-07;2022-02-07;54.75;52.0;19.5;46.5;42.083333333333336;-0.5418180411660162;0.714905351931658;-1.6124198520865978;0.3340338247470045;-0.5476698385660687
TTWO_EARN_Q4_2022;2022-05-16;Take-Two;TTWO;;1;;;Earnings;;;https://ir.take2games.com;Q4 2022 earnings conference call;110.11000061035156;0.0016374083933055;-0.0039464009295556;2022-05-16;0.0047984539394714;0.1030973204884772;0.1030973204884772;0.1184498681018633;0.0873724518946578;High;2;1;2022-05-16;2022-05-16;46.25;45.25;25.25;45.0;38.91666666666666;-1.4223358325267217;0.02164854234722628;-0.815382984620277;0.11839173535336842;-1.0731075351705477
TTWO_EARN_Q1_2023;2022-08-08;Take-Two;TTWO;;1;;;Earnings;;;https://ir.take2games.com;Q1 2023 earnings conference call;125.51000213623048;-0.0129757901726967;-0.0012375507238541;2022-08-08;-0.0123593135457757;-0.0467598982225305;-0.0467598982225305;-0.0673016114835791;-0.0636504087889709;High;2;1;2022-08-08;2022-08-08;55.0;50.0;38.75;40.25;47.91666666666666;-0.515920459067172;0.5094959268696042;1.0559209650832586;-0.5644748810598126;0.4202417078105977
TTWO_EARN_Q2_2023;2022-11-07;Take-Two;TTWO;;1;;;Earnings;;;https://ir.take2games.com;Q2 2023 earnings conference call;108.4000015258789;-0.0011978001923903;0.0096139819205598;2022-11-07;-0.0107747527314784;-0.1533873094692981;-0.1533873094692981;-0.1338628361332406;-0.1057553111913349;High;2;1;2022-11-07;2022-11-07;75.25;40.5;31.75;45.25;49.16666666666666;1.5817836909392147;-0.4661988421751517;0.08561521338512902;0.1543320835856411;0.6276513248913124
TTWO_EARN_Q3_2023;2023-02-06;Take-Two;TTWO;;1;;;Earnings;;;https://ir.take2games.com;Q3 2023 earnings conference call;105.55999755859376;-0.0340410071582821;-0.0061404630177543;2023-02-06;-0.0288189609023784;0.0370767209600135;0.0370767209600135;0.0287170001345518;0.0280929891035352;High;2;1;2023-02-06;2023-02-06;42.0;31.5;28.75;35.75;34.083333333333336;-1.8625947282070745;-1.390541254954394;-0.3302301087712122;-1.2114011492407208;-1.8750913878826425
TTWO_EARN_Q4_2023;2023-05-17;Take-Two;TTWO;;1;;;Earnings;;;https://ir.take2games.com;Q4 2023 earnings conference call;125.0199966430664;0.0078193757956128;0.0118908290587882;2023-05-17;-0.003896341910192;0.1008362388867439;0.1035467649093732;0.0886029115548626;0.086601553209909;High;2;1;2023-05-17;2023-05-17;50.0;35.0;39.25;41.75;41.41666666666666;-1.0338721010440575;-1.0310747610957998;1.125228518775982;-0.3488327916661765;-0.6582883010091185
TTWO_EARN_Q1_2024;2023-08-08;Take-Two;TTWO;;1;;;Earnings;;;https://ir.take2games.com;Q1 2024 earnings conference call;140.13999938964844;-0.0073664353313939;-0.0042182830447931;2023-08-08;-0.0039499962685707;-0.0192208084402062;-0.0031646321632037;0.0023362772542152;0.0023362772542152;Medium;1;0;2023-08-08;2023-08-08;55.0;35.5;21.25;38.0;37.25;-0.515920459067172;-0.9797224048302864;-1.3698434141620655;-0.8879380151502667;-1.3496536912781658
TTWO_EARN_Q2_2024;2023-11-08;Take-Two;TTWO;;1;;;Earnings;;;https://ir.take2games.com;Q2 2024 earnings conference call;143.47000122070312;0.0521413946797226;0.0010049156221052;2023-11-08;0.0506514018701384;0.0891597853101745;0.0775637886270509;0.0730099493205001;0.0881935677815661;High;2;1;2023-11-08;2023-11-08;51.5;28.5;40.0;52.0;40.0;-0.8784866084509918;-1.698655392547475;1.2291898493150675;1.1247214858570036;-0.8933525337005935
TTWO_EARN_Q3_2024;2024-02-08;Take-Two;TTWO;;1;;;Earnings;;;https://ir.take2games.com;Q3 2024 earnings conference call;169.60000610351562;0.000176910880469;0.0005705832608251;2024-02-08;-0.000905090145439;-0.0843487393407138;-0.0934607796187206;-0.0934607796187206;-0.0899564138089038;High;2;1;2024-02-08;2024-02-08;51.0;40.0;15.25;42.5;35.416666666666664;-0.9302817726486804;-0.5175511984406651;-2.201534058474748;-0.24101174696935843;-1.6538544629965477
TTWO_EARN_Q4_2024;2024-05-16;Take-Two;TTWO;;1;;;Earnings;;;https://ir.take2games.com;Q4 2024 earnings conference call;146.0800018310547;-0.0135062126909061;-0.0020816677921287;2024-05-16;-0.0120968114306425;0.0082829081682617;-0.0016888123495863;-0.0016888123495863;0.0181522402253608;Low;0;0;2024-05-16;2024-05-16;49.25;57.25;43.0;55.25;49.833333333333336;-1.1115648473405904;1.2541050927195496;1.6450351714714087;1.5919460128765484;0.7382697873343621
TTWO_EARN_Q1_2025;2024-08-08;Take-Two;TTWO;;1;;;Earnings;;;https://ir.take2games.com;Q1 2025 earnings conference call;138.77999877929688;0.0229232745067098;0.0230426115191364;2024-08-08;0.0007320868088555;0.0143500367095904;0.039319890953982;0.039319890953982;0.0230549417315608;Medium;1;0;2024-08-08;2024-08-08;49.75;54.75;30.0;47.75;44.833333333333336;-1.0597696831429018;0.9973433113919822;-0.15696122453940337;0.5137355659083679;-0.09136868098849647
TTWO_2025_Q3_EARNINGS;2025-02-07;Take-Two;TTWO;;1;;;Earnings;;;https://ir.take2games.com;Q3 FY2025 Earnings Release;208.7700042724609;0.1403211830045361;-0.0094647701115428;2025-02-07;0.1486659299882524;0.1347463934024031;0.1486659299882524;0.1597288612872276;0.1451628648338654;High;2;1;2025-02-07;2025-02-07;59.5;47.0;38.75;52.25;48.41666666666666;-0.04976398128797492;0.20138178927652342;1.0559209650832586;1.1606618340892763;0.5032055546428835
TTWO_2025_Q4_EARNINGS;2025-05-15;Take-Two;TTWO;;1;;;Earnings;;;https://ir.take2games.com;Q4 FY2025 Earnings / Full-Year FY2025 Results;232.33999633789065;0.0123747117119419;0.0041323320741357;2025-05-15;0.0079469681605033;-0.0100220731169681;-0.0232820521223687;-0.0232820521223687;0.0254803007610158;Medium;1;0;2025-05-15;2025-05-15;66.75;29.75;25.75;54.75;40.75;0.7012658995785092;-1.5702745018836912;-0.7460754309275535;1.520065316412003;-0.7689067634521647
TTWO_2025_Q1_EARNINGS;2025-08-08;Take-Two;TTWO;;1;;;Earnings;;;https://ir.take2games.com;Q1 FY2026 Earnings (released in 2025);217.3699951171875;-0.0402667232760159;0.0077997153489748;2025-08-08;-0.0481394374930426;-0.0511052228766686;-0.0481394374930426;-0.0219507927084022;0.0230749835539011;High;2;1;2025-08-08;2025-08-08;69.0;68.25;32.25;37.75;56.5;0.9343441384681077;2.383856930560846;0.15492276707785257;-0.9238783633825394;1.8444544117648398
EA_2020_Q1_EARNINGS;2020-02-05;Electronic Arts;EA;;0;;;Earnings;;;https://ir.ea.com;Q3 FY2020 Earnings;104.8327178955078;0.0070045145285944;0.0112505958978537;2020-02-05;-0.0026831145950575;0.0209535803656179;0.0143973549753526;0.0101976166638207;0.0001782625074105;Medium;1;0;2020-02-05;2020-02-05;;;;;;;;;;
EA_2020_Q2_EARNINGS;2020-05-05;Electronic Arts;EA;;0;;;Earnings;;;https://ir.ea.com;Q4 FY2020 Earnings;116.29608154296876;0.0237954209160089;0.0090405563857973;2020-05-05;0.0159341701933946;0.0129719823470047;-0.0145550741744555;-0.0274923629914742;-0.0274923629914742;Medium;1;0;2020-05-05;2020-05-05;;;;;;;;;;
EA_2020_Q3_EARNINGS;2020-07-30;Electronic Arts;EA;;0;;;Earnings;;;https://ir.ea.com;Q1 FY2021 Earnings;134.7501983642578;0.0195687949446135;-0.0037502519373892;2020-07-30;0.0222778783385798;0.0352832900826373;0.037411735843026;0.037411735843026;0.0607546510885163;High;2;1;2020-07-30;2020-07-30;;;;;;;;;;
EA_2020_Q4_EARNINGS;2020-11-05;Electronic Arts;EA;;0;;;Earnings;;;https://ir.ea.com;Q2 FY2021 Earnings;124.77448272705078;0.0241002732071058;0.0194601941389629;2020-11-05;0.0076282256027149;-0.0445068309225621;-0.0637469903385937;-0.0637469903385937;-0.0749083800167931;High;2;1;2020-11-05;2020-11-05;;;;;;;;;;
EA_2021_Q1_EARNINGS;2021-02-02;Electronic Arts;EA;;0;;;Earnings;;;https://ir.ea.com;Q3 FY2021 Earnings;145.0355987548828;0.0212518038343627;0.0138982234844169;2021-02-02;0.0093761731787421;-0.0415666558174422;-0.0465565027852215;-0.0563958009539343;-0.0563958009539343;High;2;1;2021-02-02;2021-02-02;;;;;;;;;;
EA_2021_Q2_EARNINGS;2021-05-11;Electronic Arts;EA;;0;;;Earnings;;;https://ir.ea.com;Q4 FY2021 Earnings;137.79727172851562;0.0050478975440508;-0.0086739128027181;2021-05-11;0.011825898172037;0.0130124382130661;0.0172064395613806;-0.0134939817094577;-0.0134939817094577;Medium;1;0;2021-05-11;2021-05-11;;;;;;;;;;
EA_2021_Q3_EARNINGS;2021-08-04;Electronic Arts;EA;;0;;;Earnings;;;https://ir.ea.com;Q1 FY2022 Earnings;136.54623413085938;0.000787102523291;-0.0046323879014122;2021-08-04;0.0042251837757486;-0.0599336359859494;-0.022856383790347;-0.0285031283983825;-0.0294367597988819;High;2;1;2021-08-04;2021-08-04;;;;;;;;;;
EA_2021_Q4_EARNINGS;2021-11-03;Electronic Arts;EA;;0;;;Earnings;;;https://ir.ea.com;Q2 FY2022 Earnings;136.30780029296875;-0.0047797614319387;0.0064612791953579;2021-11-03;-0.0105094954440102;-0.007711279841823;0.007006394073005;-0.0168923631548084;-0.0281188151987633;Low;0;0;2021-11-03;2021-11-03;;;;;;;;;;
EA_2022_Q1_EARNINGS;2022-02-01;Electronic Arts;EA;;0;;;Earnings;;;https://ir.ea.com;Q3 FY2022 Earnings;127.1376724243164;-0.0205035368214547;0.0068630035578014;2022-02-01;-0.0265652561644377;0.0105107707116993;0.0208987734232282;0.0399478841663813;0.0399478841663813;Medium;1;0;2022-02-01;2022-02-01;;;;;;;;;;
EA_2022_Q2_EARNINGS;2022-05-10;Electronic Arts;EA;;0;;;Earnings;;;https://ir.ea.com;Q4 FY2022 Earnings;109.34040832519533;-0.0039271697119189;0.0024578974498534;2022-05-10;-0.0063485058825896;0.0844216203592837;0.0865260450333195;0.1038973720840575;0.1038973720840575;High;2;1;2022-05-10;2022-05-10;;;;;;;;;;
EA_2022_Q3_EARNINGS;2022-08-02;Electronic Arts;EA;;0;;;Earnings;;;https://ir.ea.com;Q1 FY2023 Earnings;126.45150756835938;-0.0151297163897179;-0.0066623955507048;2022-08-02;-0.0100140352100266;0.0099320342885025;0.0107323667263193;0.006534121613025;0.006534121613025;Low;0;0;2022-08-02;2022-08-02;;;;;;;;;;
EA_2022_Q4_EARNINGS;2022-11-01;Electronic Arts;EA;;0;;;Earnings;;;https://ir.ea.com;Q2 FY2023 Earnings;124.06297302246094;0.0024610911852716;-0.0041012306087846;2022-11-01;0.0054602236309243;0.032650428509517;0.04465940829003;0.0503158185541454;0.0503158185541454;High;2;1;2022-11-01;2022-11-01;;;;;;;;;;
EA_2023_Q1_EARNINGS;2023-01-31;Electronic Arts;EA;;0;;;Earnings;;;https://ir.ea.com;Q3 FY2023 Earnings;126.6182861328125;-0.0024033285697953;0.0146424702855101;2023-01-31;-0.0148940053705832;-0.105296263052895;-0.1165548263997368;-0.1453667971717841;-0.1453667971717841;High;2;1;2023-01-31;2023-01-31;;;;;;;;;;
EA_2023_Q2_EARNINGS;2023-05-09;Electronic Arts;EA;;0;;;Earnings;;;https://ir.ea.com;Q4 FY2023 Earnings;123.6120834350586;-0.002783108406744;-0.0045794212772585;2023-05-09;0.0006112011856132;-0.0068797907944802;-0.0088269402420842;-0.0010500404697199;-0.0010500404697199;Low;0;0;2023-05-09;2023-05-09;;;;;;;;;;
EA_2023_Q3_EARNINGS;2023-08-01;Electronic Arts;EA;;0;;;Earnings;;;https://ir.ea.com;Q1 FY2024 Earnings;134.369873046875;-0.00168678110719;-0.0026650876392156;2023-08-01;0.0001255216523354;-0.0733818247979428;-0.0608963453855664;-0.0848388793774269;-0.0848388793774269;High;2;1;2023-08-01;2023-08-01;;;;;;;;;;
EA_2023_Q4_EARNINGS;2023-11-01;Electronic Arts;EA;;0;;;Earnings;;;https://ir.ea.com;Q2 FY2024 Earnings;122.38147735595705;-8.078752376305953e-05;0.0105059994863139;2023-11-01;-0.0091530815838978;0.0259294215408448;0.0112268311295779;0.0132856140113982;0.0089776725822104;Medium;1;0;2023-11-01;2023-11-01;;;;;;;;;;
EA_2024_Q1_EARNINGS;2024-01-30;Electronic Arts;EA;;0;;;Earnings;;;https://ir.ea.com;Q3 FY2024 Earnings;136.1846160888672;-0.007432416952908;-0.0006006499345398;2024-01-30;-0.0073261671456211;-0.0068483850300375;0.0058114324612062;-0.0209327805068655;-0.0209327805068655;Low;0;0;2024-01-30;2024-01-30;;;;;;;;;;
EA_2024_Q2_EARNINGS;2024-05-07;Electronic Arts;EA;;0;;;Earnings;;;https://ir.ea.com;Q4 FY2024 Earnings;129.11923217773438;-0.0024508567270888;0.001343429823275;2024-05-07;-0.0039511959695441;-0.0439325369231742;-0.0427273204244954;-0.0339092750294575;-0.0339092750294575;High;2;1;2024-05-07;2024-05-07;;;;;;;;;;
EA_2024_Q3_EARNINGS;2024-07-30;Electronic Arts;EA;;0;;;Earnings;;;https://ir.ea.com;Q1 FY2025 Earnings;148.0497589111328;0.0085897482275387;-0.0049601718780302;2024-07-30;0.0122987104175702;0.0283905802624678;0.0110618953211576;0.0228583919940201;0.0228583919940201;Medium;1;0;2024-07-30;2024-07-30;;;;;;;;;;
EA_2024_Q4_EARNINGS;2024-11-01;Electronic Arts;EA;;0;;;Earnings;;;https://ir.ea.com;Q2 FY2025 Earnings;150.36587524414062;0.0027178370290896;0.0040925095436261;2024-11-01;-0.0010543438689514;0.0254043516453292;-0.0010543438689514;0.0116556619200052;0.0127255797031104;Medium;1;0;2024-11-01;2024-11-01;;;;;;;;;;
ATVI_2020_Q1_EARNINGS;2020-02-04;Activision Blizzard;ATVI;;0;;;Earnings;;;https://investor.activision.com;Q4 2019 Earnings;104.10352325439452;0.019326179279639;0.0149804141640821;2020-02-04;0.0065562253902652;-0.0291986957435843;0.0038731107952077;0.0167538420540859;0.0167538420540859;Medium;1;0;2020-02-04;2020-02-04;;;;;;;;;;
ATVI_2020_Q2_EARNINGS;2020-05-05;Activision Blizzard;ATVI;;0;;;Earnings;;;https://investor.activision.com;Q1 2020 Earnings;116.29608154296876;0.0237954209160089;0.0090405563857973;2020-05-05;0.0159341701933946;0.0129719823470047;-0.0145550741744555;-0.0274923629914742;-0.0274923629914742;Medium;1;0;2020-05-05;2020-05-05;;;;;;;;;;
ATVI_2020_Q3_EARNINGS;2020-08-04;Activision Blizzard;ATVI;;0;;;Earnings;;;https://investor.activision.com;Q2 2020 Earnings;142.2660675048828;0.0278170013608982;0.0036119303819721;2020-08-04;0.024441971462215;0.0166822037274695;0.0177812599441942;-0.0037097022576238;-0.0037097022576238;Medium;1;0;2020-08-04;2020-08-04;;;;;;;;;;
ATVI_2020_Q4_EARNINGS;2020-10-29;Activision Blizzard;ATVI;;0;;;Earnings;;;https://investor.activision.com;Q3 2020 Earnings;120.46721649169922;-0.0135350402035969;0.0119473308942383;2020-10-29;-0.0237984516794203;-0.0262975663550029;-0.0470137897278531;-0.0470137897278531;-0.0650878337046644;Medium;1;0;2020-10-29;2020-10-29;;;;;;;;;;
ATVI_2021_Q1_EARNINGS;2021-02-04;Activision Blizzard;ATVI;;0;;;Earnings;;;https://investor.activision.com;Q4 2020 Earnings;134.96871948242188;-0.0155516245778261;0.0108533222304207;2021-02-04;-0.0249109464284439;-0.0657719741326764;-0.0098392981687128;-0.0098392981687128;0.0185877721289946;High;2;1;2021-02-04;2021-02-04;;;;;;;;;;
ATVI_2021_Q2_EARNINGS;2021-05-04;Activision Blizzard;ATVI;;0;;;Earnings;;;https://investor.activision.com;Q1 2021 Earnings;133.60560607910156;-0.0291826940827554;-0.0066783376082272;2021-05-04;-0.0240538383741164;-0.0281837825322245;-0.0191881535775361;7.442874418070304e-05;7.442874418070304e-05;Medium;1;0;2021-05-04;2021-05-04;;;;;;;;;;
ATVI_2021_Q3_EARNINGS;2021-08-03;Activision Blizzard;ATVI;;0;;;Earnings;;;https://investor.activision.com;Q2 2021 Earnings;136.4388427734375;-0.0299078062336083;0.0082034265474622;2021-08-03;-0.0370772521956023;-0.030677675932609;-0.0328520684198537;-0.0655803805939849;-0.0655803805939849;High;2;1;2021-08-03;2021-08-03;;;;;;;;;;
ATVI_2021_Q4_EARNINGS;2021-11-02;Activision Blizzard;ATVI;;0;;;Earnings;;;https://investor.activision.com;Q3 2021 Earnings;136.9624481201172;-0.011286091175887;0.0036803630854131;2021-11-02;-0.0147176739148281;-0.0162672307379249;-0.0252271693588383;-0.0316100370696365;-0.0316100370696365;Medium;1;0;2021-11-02;2021-11-02;;;;;;;;;;
ATVI_2022_Q1_EARNINGS;2022-02-03;Activision Blizzard;ATVI;;0;;;Earnings;;;https://investor.activision.com;Q4 2021 Earnings;134.32911682128906;0.0008746319224166;-0.024391082077444;2022-02-03;0.0206413136722632;0.066513140330819;0.0190491107431531;0.0190491107431531;-0.0100105270242908;High;2;1;2022-02-03;2022-02-03;;;;;;;;;;
ATVI_2022_Q2_EARNINGS;2022-04-25;Activision Blizzard;ATVI;;0;;;Earnings;;;https://investor.activision.com;Q1 2022 Earnings;125.55531311035156;0.0004682935820798;0.0056979369853822;2022-04-25;-0.0046306138238182;-0.0092284886451332;-0.0092284886451332;-0.0414878936704469;-0.0553249763714355;Low;0;0;2022-04-25;2022-04-25;;;;;;;;;;
ATVI_2022_Q3_EARNINGS;2022-08-02;Activision Blizzard;ATVI;;0;;;Earnings;;;https://investor.activision.com;Q2 2022 Earnings;126.45150756835938;-0.0151297163897179;-0.0066623955507048;2022-08-02;-0.0100140352100266;0.0099320342885025;0.0107323667263193;0.006534121613025;0.006534121613025;Low;0;0;2022-08-02;2022-08-02;;;;;;;;;;
ATVI_2022_Q4_EARNINGS;2022-11-02;Activision Blizzard;ATVI;;0;;;Earnings;;;https://investor.activision.com;Q3 2022 Earnings;126.41119384765624;0.0189276523686898;-0.0250019848573428;2022-11-02;0.0391991846591057;0.0371618279484493;0.031701604317525;0.0448555949232211;0.0570196346349989;High;2;1;2022-11-02;2022-11-02;;;;;;;;;;
ATVI_2023_Q1_EARNINGS;2023-02-06;Activision Blizzard;ATVI;;0;;;Earnings;;;https://investor.activision.com;Q4 2022 Earnings;110.3924789428711;-0.0151860638405323;-0.0061404630177543;2023-02-06;-0.0105017081189513;-0.0037919349327364;-0.0037919349327364;-0.0091546477048974;-0.0112693992914084;Low;0;0;2023-02-06;2023-02-06;;;;;;;;;;
ATVI_2023_Q2_EARNINGS;2023-04-25;Activision Blizzard;ATVI;;0;;;Earnings;;;https://investor.activision.com;Q1 2023 Earnings;127.6434555053711;0.0001545322669951;-0.0158108588827732;2023-04-25;0.0128305107812928;-0.0164359547010055;-0.0182076515810285;-0.0247820135804859;-0.0247820135804859;Medium;1;0;2023-04-25;2023-04-25;;;;;;;;;;
ATVI_2023_Q3_EARNINGS;2023-07-19;Activision Blizzard;ATVI;;0;;;Earnings;;;https://investor.activision.com;Q2 2023 Earnings;135.08062744140625;-0.0146180330927122;0.002357910335732;2023-07-19;-0.0169567398331771;-0.0114306938695276;-0.0096435964023367;-0.010812072742184;-0.0094289315757307;Medium;1;0;2023-07-19;2023-07-19;;;;;;;;;;
UBI_2020_Q1_EARNINGS;2020-07-09;Ubisoft;UBI;;0;;;Earnings;;;https://www.ubisoft.com;Q1 FY2021 Sales;11.435879707336426;-0.0072016322065895;-0.0056436061593611;2020-07-09;-0.0038750929709701;-0.0488860496950129;-0.0213397966983669;-0.0213397966983669;-0.0402126723748752;High;2;1;2020-07-09;2020-07-09;;;;;;;;;;
UBI_2020_Q2_EARNINGS;2020-10-29;Ubisoft;UBI;;0;;;Earnings;;;https://www.ubisoft.com;H1 FY2021 Results;13.734907150268556;0.0218957582307766;0.0119473308942383;2020-10-29;0.0140235289135957;0.013260445526864;-0.0045490694883786;-0.0045490694883786;0.0095694844962859;Medium;1;0;2020-10-29;2020-10-29;;;;;;;;;;
UBI_2021_Q1_EARNINGS;2021-02-11;Ubisoft;UBI;;0;;;Earnings;;;https://www.ubisoft.com;Q3 FY2021 Sales;15.26956558227539;0.0053315290321949;0.0016624551635393;2021-02-11;0.0040068726243743;0.0673924992722388;0.0304918522420231;0.0304918522420231;0.055584803146076;High;2;1;2021-02-11;2021-02-11;;;;;;;;;;
UBI_2021_Q2_EARNINGS;2021-05-18;Ubisoft;UBI;;0;;;Earnings;;;https://www.ubisoft.com;FY2021 Full-Year Earnings;13.904765129089355;-0.0128996245279517;-0.0085172929593646;2021-05-18;-0.007743634520698;0.0262955367398909;0.0137503199601225;0.0288273508503377;0.0288273508503377;Medium;1;0;2021-05-18;2021-05-18;;;;;;;;;;
UBI_2021_Q3_EARNINGS;2021-07-21;Ubisoft;UBI;;0;;;Earnings;;;https://www.ubisoft.com;Q1 FY2022 Sales;13.568997383117676;0.0021881290915162;0.0082418199908353;2021-07-21;-0.0033250923541313;-0.0258285110202655;-0.0093876501272735;-0.0126034259048054;-0.0237117036794783;Medium;1;0;2021-07-21;2021-07-21;;;;;;;;;;
UBI_2021_Q4_EARNINGS;2021-10-28;Ubisoft;UBI;;0;;;Earnings;;;https://www.ubisoft.com;H1 FY2022 Earnings;10.79792022705078;0.0239745617053639;0.0098292815764611;2021-10-28;0.0174507281001868;0.02465589901727;0.0265524586727571;0.0265524586727571;-0.0076901139127233;Medium;1;0;2021-10-28;2021-10-28;;;;;;;;;;
UBI_2022_Q1_EARNINGS;2022-02-17;Ubisoft;UBI;;0;;;Earnings;;;https://www.ubisoft.com;Q3 FY2022 Sales;12.492562294006348;-0.004720802301616;-0.021173138152195;2022-02-17;0.0084921707260832;0.0127226862558284;0.0227485331278324;0.0227485331278324;0.0167290560624314;Medium;1;0;2022-02-17;2022-02-17;;;;;;;;;;
UBI_2022_Q2_EARNINGS;2022-05-12;Ubisoft;UBI;;0;;;Earnings;;;https://www.ubisoft.com;FY2022 Full-Year Earnings;10.981605529785156;0.0127505777667391;-0.0012959645058717;2022-05-12;0.013309314896104;0.0204371014762847;-0.0026925027388347;-0.0026925027388347;-0.0134066417142256;Medium;1;0;2022-05-12;2022-05-12;;;;;;;;;;
UBI_2022_Q3_EARNINGS;2022-07-21;Ubisoft;UBI;;0;;;Earnings;;;https://www.ubisoft.com;Q1 FY2023 Sales;11.060608863830566;-0.0010702551997943;0.0098613727091971;2022-07-21;-0.0076145187097008;0.0110078714959808;0.0009175864791407;0.0009175864791407;-0.0237411696584199;Medium;1;0;2022-07-21;2022-07-21;;;;;;;;;;
UBI_2022_Q4_EARNINGS;2022-10-27;Ubisoft;UBI;;0;;;Earnings;;;https://www.ubisoft.com;H1 FY2023 Earnings;9.944671630859377;-0.0213800119374295;-0.0060826106182112;2022-10-27;-0.017773993029219;-0.0104693048606709;-0.0337179761369656;-0.0337179761369656;-0.0189642537692781;Medium;1;0;2022-10-27;2022-10-27;;;;;;;;;;
UBI_2023_Q1_EARNINGS;2023-02-16;Ubisoft;UBI;;0;;;Earnings;;;https://www.ubisoft.com;Q3 FY2023 Sales;10.033552169799805;0.0190570827182328;-0.0137887414891306;2023-02-16;0.0275689901415384;0.0280367044202393;0.0290644784357449;0.0290644784357449;0.0267931601034267;Medium;1;0;2023-02-16;2023-02-16;;;;;;;;;;
UBI_2023_Q2_EARNINGS;2023-05-25;Ubisoft;UBI;;0;;;Earnings;;;https://www.ubisoft.com;FY2023 Full-Year Earnings;10.389073371887209;-0.0047302509851527;0.0087575812659024;2023-05-25;-0.0105718171420782;-0.008915570667214;-0.0039364282132619;-0.0039364282132619;-0.0088949214608299;Low;0;0;2023-05-25;2023-05-25;;;;;;;;;;
UBI_2023_Q3_EARNINGS;2023-07-20;Ubisoft;UBI;;0;;;Earnings;;;https://www.ubisoft.com;Q1 FY2024 Sales;11.258119583129885;-0.0043667879194754;-0.0067568962189037;2023-07-20;-0.0003315043076489;-0.0112643715559409;-0.002558473842424;-0.002558473842424;-0.0213385553919657;Medium;1;0;2023-07-20;2023-07-20;;;;;;;;;;
UBI_2023_Q4_EARNINGS;2023-10-26;Ubisoft;UBI;;0;;;Earnings;;;https://www.ubisoft.com;H1 FY2024 Earnings;9.994050979614258;-0.0049163930220187;-0.0118325197781096;2023-10-26;0.0023501416213755;0.0308066609592377;0.0160092857616354;0.0160092857616354;0.0125409660521146;High;2;1;2023-10-26;2023-10-26;;;;;;;;;;
UBI_2024_Q1_EARNINGS;2024-02-08;Ubisoft;UBI;;0;;;Earnings;;;https://www.ubisoft.com;Q3 FY2024 Sales;14.280035972595217;0.0204657393333695;0.0005705832608251;2024-02-08;0.0198361920428486;-0.0074168335122188;0.0242130078982282;0.0242130078982282;0.0157700462704384;Low;0;0;2024-02-08;2024-02-08;;;;;;;;;;
UBI_2024_Q2_EARNINGS;2024-05-16;Ubisoft;UBI;;0;;;Earnings;;;https://www.ubisoft.com;FY2024 Full-Year Results;13.509743690490724;0.0201342306044598;-0.0020816677921287;2024-05-16;0.021193163330407;0.0036062106338459;0.0172614380119965;0.0172614380119965;-2.4643532496899413e-05;Low;0;0;2024-05-16;2024-05-16;;;;;;;;;;
NTDOY_2020_Q1_EARNINGS;2020-01-30;Nintendo;NTDOY;;0;;;Earnings;;;https://www.nintendo.co.jp;Q3 FY2020 Earnings;15.100000381469728;-0.009186311794686;0.0031343587926053;2020-01-30;-0.0111441175722156;0.0042401894417348;0.0016479930223497;0.0016479930223497;0.0058874215183469;Low;0;0;2020-01-30;2020-01-30;;;;;;;;;;
NTDOY_2020_Q2_EARNINGS;2020-05-07;Nintendo;NTDOY;;0;;;Earnings;;;https://www.nintendo.co.jp;FY2020 Full-Year Earnings;15.619999885559082;0.018252915918254;0.0115046307883139;2020-05-07;0.0109028995823642;0.0390497118301427;0.0199418468976756;0.0199418468976756;-0.0175132370925507;High;2;1;2020-05-07;2020-05-07;;;;;;;;;;
NTDOY_2020_Q3_EARNINGS;2020-08-06;Nintendo;NTDOY;;0;;;Earnings;;;https://www.nintendo.co.jp;Q1 FY2021 Earnings;16.549999237060547;-0.0018094503488274;0.0064276955596642;2020-08-06;-0.005888855674935;-0.0336831114128653;-0.016507189253351;-0.016507189253351;-0.033038334064076;High;2;1;2020-08-06;2020-08-06;;;;;;;;;;
NTDOY_2020_Q4_EARNINGS;2020-11-05;Nintendo;NTDOY;;0;;;Earnings;;;https://www.nintendo.co.jp;Q2 FY2021 Earnings;19.229999542236328;0.0283421795547329;0.0194601941389629;2020-11-05;0.0158671119995917;0.0309809030134597;0.0062335154972284;0.0062335154972284;-0.0906401209310094;High;2;1;2020-11-05;2020-11-05;;;;;;;;;;
NTDOY_2021_Q1_EARNINGS;2021-02-01;Nintendo;NTDOY;;0;;;Earnings;;;https://www.nintendo.co.jp;Q3 FY2021 Earnings;20.280000686645508;0.0140000343322754;0.0160517676144393;2021-02-01;0.003720708265864;-0.0155263618863348;-0.0155263618863348;-0.0325241057954487;-0.0098226249453266;Medium;1;0;2021-02-01;2021-02-01;;;;;;;;;;
NTDOY_2021_Q2_EARNINGS;2021-05-06;Nintendo;NTDOY;;0;;;Earnings;;;https://www.nintendo.co.jp;FY2021 Full-Year Earnings;14.649999618530272;-0.001363357713678;0.0081654564660518;2021-05-06;-0.0065622455024981;0.029314412364352;0.0276570499004765;0.0276570499004765;0.0144341829217419;Medium;1;0;2021-05-06;2021-05-06;;;;;;;;;;
NTDOY_2021_Q3_EARNINGS;2021-08-05;Nintendo;NTDOY;;0;;;Earnings;;;https://www.nintendo.co.jp;Q1 FY2022 Earnings;11.93000030517578;-0.0189144362765167;0.0060054468134942;2021-08-05;-0.0227218248571088;-0.0249731385011384;-0.0396659497719591;-0.0396659497719591;-0.0420935512430615;Medium;1;0;2021-08-05;2021-08-05;;;;;;;;;;
NTDOY_2021_Q4_EARNINGS;2021-11-04;Nintendo;NTDOY;;0;;;Earnings;;;https://www.nintendo.co.jp;Q2 FY2022 Earnings;10.81999969482422;-0.0055147443920574;0.0041819423611504;2021-11-04;-0.008147413684413;-0.009947819026127;-0.0030970323802681;-0.0030970323802681;-0.0058793374475511;Low;0;0;2021-11-04;2021-11-04;;;;;;;;;;
NTDOY_2022_Q1_EARNINGS;2022-02-03;Nintendo;NTDOY;;0;;;Earnings;;;https://www.nintendo.co.jp;Q3 FY2022 Earnings;11.5600004196167;-0.009425848839598;-0.024391082077444;2022-02-03;0.0063485018718242;-0.0045582633008622;0.0074129295156964;0.0074129295156964;-0.0049738183107956;Low;0;0;2022-02-03;2022-02-03;;;;;;;;;;
NTDOY_2022_Q2_EARNINGS;2022-05-10;Nintendo;NTDOY;;0;;;Earnings;;;https://www.nintendo.co.jp;FY2022 Full-Year Earnings;9.270000457763672;0.0;0.0024578974498534;2022-05-10;-0.0015220228069667;-0.1569187521614938;-0.0706823603961572;-0.0272411238483815;-0.0272411238483815;High;2;1;2022-05-10;2022-05-10;;;;;;;;;;
NTDOY_2022_Q3_EARNINGS;2022-08-03;Nintendo;NTDOY;;0;;;Earnings;;;https://www.nintendo.co.jp;Q1 FY2023 Earnings;8.529999732971191;0.0466257830953671;0.0156384771631401;2022-08-03;0.0366127027538625;0.1130405933156253;0.1532359013725073;0.14699159245502;0.1393846127092998;High;2;1;2022-08-03;2022-08-03;;;;;;;;;;
NTDOY_2022_Q4_EARNINGS;2022-11-08;Nintendo;NTDOY;;0;;;Earnings;;;https://www.nintendo.co.jp;Q2 FY2023 Earnings;5.369999885559082;-0.0182815189155728;0.0055978928024627;2022-11-08;-0.0218263572418228;-0.0701883984225341;-0.0567967490135633;0.0158204503839631;0.0158204503839631;High;2;1;2022-11-08;2022-11-08;;;;;;;;;;
NTDOY_2023_Q1_EARNINGS;2023-02-07;Nintendo;NTDOY;;0;;;Earnings;;;https://www.nintendo.co.jp;Q3 FY2023 Earnings;4.460000038146973;0.0136363503361538;0.0128725105980265;2023-02-07;0.0054051325343759;-0.0079616840388728;0.0058783171508883;-0.0207242780535756;-0.0207242780535756;Low;0;0;2023-02-07;2023-02-07;;;;;;;;;;
NTDOY_2023_Q2_EARNINGS;2023-05-09;Nintendo;NTDOY;;0;;;Earnings;;;https://www.nintendo.co.jp;FY2023 Full-Year Earnings;5.829999923706055;-0.0068143036853257;-0.0045794212772585;2023-05-09;-0.0038028173826323;-0.0137063431181773;-0.0220674719343339;-0.0440679854169192;-0.0440679854169192;Medium;1;0;2023-05-09;2023-05-09;;;;;;;;;;
NTDOY_2023_Q3_EARNINGS;2023-08-03;Nintendo;NTDOY;;0;;;Earnings;;;https://www.nintendo.co.jp;Q1 FY2024 Earnings;6.25;-0.0264797623479282;-0.0025479738404268;2023-08-03;-0.0247769542247794;-0.0367553714730327;-0.0229012529563096;-0.0229012529563096;-0.0451879094880859;High;2;1;2023-08-03;2023-08-03;;;;;;;;;;
NTDOY_2023_Q4_EARNINGS;2023-11-07;Nintendo;NTDOY;;0;;;Earnings;;;https://www.nintendo.co.jp;Q2 FY2024 Earnings;5.989999771118164;0.0067226828798785;0.0028401189192852;2023-11-07;0.0049544292880389;0.0033587525042685;0.0160546041711139;0.0344669345438814;0.0344669345438814;Low;0;0;2023-11-07;2023-11-07;;;;;;;;;;
NTDOY_2024_Q1_EARNINGS;2024-02-06;Nintendo;NTDOY;;0;;;Earnings;;;https://www.nintendo.co.jp;Q3 FY2024 Earnings;4.21999979019165;-0.0276498521145639;0.0023104108269635;2024-02-06;-0.029076862605853;-0.0465383668890723;-0.0532820401327516;0.1104067835714475;0.1104067835714475;High;2;1;2024-02-06;2024-02-06;;;;;;;;;;
NTDOY_2024_Q2_EARNINGS;2024-05-07;Nintendo;NTDOY;;0;;;Earnings;;;https://www.nintendo.co.jp;FY2024 Full-Year Earnings;4.78000020980835;0.0346321056737224;0.001343429823275;2024-05-07;0.0338280337417173;0.0019166609245581;0.0234328812290904;0.0213542041231104;0.0213542041231104;Low;0;0;2024-05-07;2024-05-07;;;;;;;;;;
NTDOY_2024_Q3_EARNINGS;2024-08-06;Nintendo;NTDOY;;0;;;Earnings;;;https://www.nintendo.co.jp;Q1 FY2025 Earnings;3.700000047683716;0.0;0.010354085880061;2024-08-06;-0.0066088241254897;-0.0115755624423053;-0.0123755105595097;-0.0380901793920836;-0.0380901793920836;Medium;1;0;2024-08-06;2024-08-06;;;;;;;;;;
NTDOY_2024_Q4_EARNINGS;2024-11-05;Nintendo;NTDOY;;0;;;Earnings;;;https://www.nintendo.co.jp;Q2 FY2025 Earnings;2.900000095367432;0.0;0.0122656445452913;2024-11-05;-0.0078402687933409;-0.0757300563031889;-0.0378679447272;-0.0379232663793323;-0.0379232663793323;High;2;1;2024-11-05;2024-11-05;;;;;;;;;;
