const,market_return,is_rockstar,sent_negative,sent_positive,evt_delay,evt_earnings,evt_leak,evt_major announcement,evt_release,evt_trailer/reveal,trend_gta_z,trend_gta6_z,trend_gtavi_z,trend_rockstar_z,pred_AR_event,market_scenario,trend_scenario
1.0,-0.02,1.0,0.0,1.0,0.0,0.0,0.0,1.0,0.0,0.0,-1.0,-1.0,-1.0,-1.0,0.03759105968708307,bear,low
1.0,-0.02,1.0,0.0,1.0,0.0,0.0,0.0,1.0,0.0,0.0,0.0,0.0,0.0,0.0,0.04377815866344513,bear,mid
1.0,-0.02,1.0,0.0,1.0,0.0,0.0,0.0,1.0,0.0,0.0,1.0,1.0,1.0,1.0,0.049965257639807185,bear,high
1.0,0.0,1.0,0.0,1.0,0.0,0.0,0.0,1.0,0.0,0.0,-1.0,-1.0,-1.0,-1.0,0.027904996239697683,base,low
1.0,0.0,1.0,0.0,1.0,0.0,0.0,0.0,1.0,0.0,0.0,0.0,0.0,0.0,0.0,0.03409209521605975,base,mid
1.0,0.0,1.0,0.0,1.0,0.0,0.0,0.0,1.0,0.0,0.0,1.0,1.0,1.0,1.0,0.04027919419242181,base,high
1.0,0.02,1.0,0.0,1.0,0.0,0.0,0.0,1.0,0.0,0.0,-1.0,-1.0,-1.0,-1.0,0.018218932792312306,bull,low
1.0,0.02,1.0,0.0,1.0,0.0,0.0,0.0,1.0,0.0,0.0,0.0,0.0,0.0,0.0,0.02440603176867437,bull,mid
1.0,0.02,1.0,0.0,1.0,0.0,0.0,0.0,1.0,0.0,0.0,1.0,1.0,1.0,1.0,0.03059313074503643,bull,high
