Price,Adj Close
Ticker,EA
Date,
2015-01-02,45.61405563354492
2015-01-05,45.32209396362305
2015-01-06,44.72844314575195
2015-01-07,45.5556640625
2015-01-08,46.84029006958008
2015-01-09,46.23690414428711
2015-01-12,45.79896926879883
2015-01-13,45.17610549926758
2015-01-14,45.64325714111328
2015-01-15,45.39021682739258
2015-01-16,46.801368713378906
2015-01-20,46.52886199951172
2015-01-21,46.781898498535156
2015-01-22,48.037330627441406
2015-01-23,48.45581817626953
2015-01-26,48.154117584228516
2015-01-27,47.11279296875
2015-01-28,53.146644592285156
2015-01-29,53.84736633300781
2015-01-30,53.38995361328125
2015-02-02,53.49700927734375
2015-02-03,53.059059143066406
2015-02-04,53.09799575805664
2015-02-05,54.87894821166992
2015-02-06,53.66244888305664
2015-02-09,52.82550048828125
2015-02-10,53.292633056640625
2015-02-11,53.47754669189453
2015-02-12,54.69404983520508
2015-02-13,54.87894821166992
2015-02-17,55.239036560058594
2015-02-18,56.06626892089844
2015-02-19,55.60886001586914
2015-02-20,56.124656677246094
2015-02-23,56.007869720458984
2015-02-24,56.08572769165039
2015-02-25,55.85216522216797
2015-02-26,56.183040618896484
2015-02-27,55.64778518676758
2015-03-02,55.91055679321289
2015-03-03,55.15144348144531
2015-03-04,55.66725540161133
2015-03-05,55.842430114746094
2015-03-06,54.84976577758789
2015-03-09,55.15144348144531
2015-03-10,53.574859619140625
2015-03-11,53.613792419433594
2015-03-12,53.584598541259766
2015-03-13,53.81815719604492
2015-03-16,54.324222564697266
2015-03-17,52.71844482421875
2015-03-18,54.139312744140625
2015-03-19,54.460479736328125
2015-03-20,55.74509811401367
2015-03-23,55.73537826538086
2015-03-24,56.40688705444336
2015-03-25,54.58700180053711
2015-03-26,54.5772590637207
2015-03-27,56.679386138916016
2015-03-30,57.87641906738281
2015-03-31,57.243839263916016
2015-04-01,55.74509811401367
2015-04-02,56.105194091796875
2015-04-06,55.58939743041992
2015-04-07,56.25117492675781
2015-04-08,56.591800689697266
2015-04-09,55.959205627441406
2015-04-10,56.79616928100586
2015-04-13,55.79376983642578
2015-04-14,55.54072952270508
2015-04-15,55.33636474609375
2015-04-16,55.33636474609375
2015-04-17,54.528602600097656
2015-04-20,55.75482940673828
2015-04-21,57.448211669921875
2015-04-22,58.207313537597656
2015-04-23,58.275428771972656
2015-04-24,58.2851676940918
2015-04-27,58.236507415771484
2015-04-28,57.52607345581055
2015-04-29,57.04920196533203
2015-04-30,56.533409118652344
2015-05-01,57.740177154541016
2015-05-04,57.72072219848633
2015-05-05,57.574729919433594
2015-05-06,59.29729461669922
2015-05-07,58.65498352050781
2015-05-08,60.22184371948242
2015-05-11,60.91281509399414
2015-05-12,60.78629684448242
2015-05-13,60.07586669921875
2015-05-14,61.39942169189453
2015-05-15,61.195045471191406
2015-05-18,61.60379409790039
2015-05-19,60.932289123535156
2015-05-20,60.57219314575195
2015-05-21,61.01013946533203
2015-05-22,60.88362121582031
2015-05-26,60.85441970825195
2015-05-27,62.14878845214844
2015-05-28,61.57460021972656
2015-05-29,61.07825469970703
2015-06-01,61.20478057861328
2015-06-02,61.2923698425293
2015-06-03,61.67190933227539
2015-06-04,60.95174789428711
2015-06-05,61.21451950073242
2015-06-08,60.00774002075195
2015-06-09,60.1245231628418
2015-06-10,60.85441970825195
2015-06-11,60.91281509399414
2015-06-12,61.06852722167969
2015-06-15,59.9201545715332
2015-06-16,61.17558288574219
2015-06-17,62.75217819213867
2015-06-18,63.520999908447266
2015-06-19,64.18276977539062
2015-06-22,64.8348388671875
2015-06-23,64.7958984375
2015-06-24,65.86641693115234
2015-06-25,65.642578125
2015-06-26,65.8177719116211
2015-06-29,64.445556640625
2015-06-30,64.71804809570312
2015-07-01,66.17784881591797
2015-07-02,65.98322296142578
2015-07-06,66.18759155273438
2015-07-07,68.0172119140625
2015-07-08,67.15105438232422
2015-07-09,68.6108627319336
2015-07-10,70.13878631591797
2015-07-13,71.56940460205078
2015-07-14,70.31397247314453
2015-07-15,70.55726623535156
2015-07-16,71.01467895507812
2015-07-17,71.50126647949219
2015-07-20,72.78589630126953
2015-07-21,71.70565032958984
2015-07-22,70.96600341796875
2015-07-23,69.8857650756836
2015-07-24,70.3528823852539
2015-07-27,69.31157684326172
2015-07-28,69.87604522705078
2015-07-29,70.245849609375
2015-07-30,70.36261749267578
2015-07-31,69.63274383544922
2015-08-03,69.06829071044922
2015-08-04,69.87604522705078
2015-08-05,73.14600372314453
2015-08-06,72.02680969238281
2015-08-07,71.39421844482422
2015-08-10,71.9878921508789
2015-08-11,71.8418960571289
2015-08-12,71.74458312988281
2015-08-13,71.4136734008789
2015-08-14,70.86870574951172
2015-08-17,71.72510528564453
2015-08-18,71.87107849121094
2015-08-19,69.69110870361328
2015-08-20,65.89562225341797
2015-08-21,63.77402114868164
2015-08-24,61.99307632446289
2015-08-25,61.83736038208008
2015-08-26,64.56233215332031
2015-08-27,65.36035919189453
2015-08-28,66.09024810791016
2015-08-31,64.37743377685547
2015-09-01,61.730308532714844
2015-09-02,62.93708801269531
2015-09-03,64.02706909179688
2015-09-04,64.59152221679688
2015-09-08,66.66445922851562
2015-09-09,65.9637222290039
2015-09-10,66.89800262451172
2015-09-11,67.06346893310547
2015-09-14,66.51848602294922
2015-09-15,67.5208740234375
2015-09-16,68.3967514038086
2015-09-17,69.15585327148438
2015-09-18,68.19237518310547
2015-09-21,68.68871307373047
2015-09-22,66.84937286376953
2015-09-23,67.5987319946289
2015-09-24,66.96615600585938
2015-09-25,67.62791442871094
2015-09-28,64.67912292480469
2015-09-29,64.2314453125
2015-09-30,65.93455505371094
2015-10-01,65.3992691040039
2015-10-02,64.70832061767578
2015-10-05,65.77882385253906
2015-10-06,64.7667236328125
2015-10-07,64.33849334716797
2015-10-08,64.03681182861328
2015-10-09,63.29718017578125
2015-10-12,66.28488159179688
2015-10-13,66.58658599853516
2015-10-14,68.67900848388672
2015-10-15,69.06829071044922
2015-10-16,69.78842163085938
2015-10-19,70.3528823852539
2015-10-20,70.36261749267578
2015-10-21,70.8395004272461
2015-10-22,72.5426025390625
2015-10-23,72.91242218017578
2015-10-26,72.09492492675781
2015-10-27,73.2530288696289
2015-10-28,74.71284484863281
2015-10-29,74.0218734741211
2015-10-30,70.13878631591797
2015-11-02,70.07067108154297
2015-11-03,69.97332763671875
2015-11-04,72.29928588867188
2015-11-05,72.0754623413086
2015-11-06,70.44046783447266
2015-11-09,69.0390625
2015-11-10,68.93201446533203
2015-11-11,69.38944244384766
2015-11-12,69.73977661132812
2015-11-13,68.0172119140625
2015-11-16,66.16814422607422
2015-11-17,66.2751693725586
2015-11-18,66.58658599853516
2015-11-19,69.17530822753906
2015-11-20,70.47940063476562
2015-11-23,67.13158416748047
2015-11-24,65.2630386352539
2015-11-25,67.64737701416016
2015-11-27,67.03427124023438
2015-11-30,65.97349548339844
2015-12-01,66.79098510742188
2015-12-02,67.48194122314453
2015-12-03,65.41875457763672
2015-12-04,68.49408721923828
2015-12-07,68.89308166503906
2015-12-08,69.0877456665039
2015-12-09,65.29222869873047
2015-12-10,64.59152221679688
2015-12-11,65.37010955810547
2015-12-14,67.7933578491211
2015-12-15,70.39180755615234
2015-12-16,70.10958862304688
2015-12-17,69.2142333984375
2015-12-18,67.13158416748047
2015-12-21,66.86882781982422
2015-12-22,67.21917724609375
2015-12-23,66.80070495605469
2015-12-24,67.10238647460938
2015-12-28,67.33596801757812
2015-12-29,67.97828674316406
2015-12-30,67.78363800048828
2015-12-31,66.87854766845703
2016-01-04,64.32875061035156
2016-01-05,63.19984436035156
2016-01-06,61.97360610961914
2016-01-07,60.78629684448242
2016-01-08,61.4383544921875
2016-01-11,62.48940658569336
2016-01-12,63.86163330078125
2016-01-13,61.68164825439453
2016-01-14,62.75217819213867
2016-01-15,64.28983306884766
2016-01-19,65.56474304199219
2016-01-20,65.05866241455078
2016-01-21,65.23384094238281
2016-01-22,67.50140380859375
2016-01-25,68.04639434814453
2016-01-26,68.93201446533203
2016-01-27,67.62791442871094
2016-01-28,67.91988372802734
2016-01-29,62.8203010559082
2016-02-01,62.47967529296875
2016-02-02,59.0345344543457
2016-02-03,58.01266860961914
2016-02-04,57.15625762939453
2016-02-05,54.0128059387207
2016-02-08,54.81083297729492
2016-02-09,56.68910598754883
2016-02-10,57.39956283569336
2016-02-11,56.63072967529297
2016-02-12,57.66231918334961
2016-02-16,57.769371032714844
2016-02-17,58.236507415771484
2016-02-18,56.786441802978516
2016-02-19,57.973731994628906
2016-02-22,61.57460021972656
2016-02-23,59.871482849121094
2016-02-24,61.506473541259766
2016-02-25,62.94682312011719
2016-02-26,62.72297668457031
2016-02-29,62.51860809326172
2016-03-01,63.72538757324219
2016-03-02,64.31902313232422
2016-03-03,63.06361770629883
2016-03-04,62.70351028442383
2016-03-07,61.886024475097656
2016-03-08,61.27290725708008
2016-03-09,62.207183837890625
2016-03-10,61.798423767089844
2016-03-11,62.7424430847168
2016-03-14,63.053871154785156
2016-03-15,63.958946228027344
2016-03-16,64.2314453125
2016-03-17,62.93708801269531
2016-03-18,62.59646987915039
2016-03-21,62.22663879394531
2016-03-22,62.15852355957031
2016-03-23,63.30690002441406
2016-03-24,62.51860809326172
2016-03-28,62.90788650512695
2016-03-29,64.26063537597656
2016-03-30,64.63045501708984
2016-03-31,64.33849334716797
2016-04-01,64.15359497070312
2016-04-04,63.97840118408203
2016-04-05,63.69618606567383
2016-04-06,64.06600189208984
2016-04-07,62.216915130615234
2016-04-08,62.51860809326172
2016-04-11,61.46754837036133
2016-04-12,61.27290725708008
2016-04-13,63.034393310546875
2016-04-14,63.19984436035156
2016-04-15,65.0489273071289
2016-04-18,64.73751068115234
2016-04-19,64.4163589477539
2016-04-20,64.03681182861328
2016-04-21,64.4066162109375
2016-04-22,64.10491180419922
2016-04-25,64.16333770751953
2016-04-26,63.57938766479492
2016-04-27,61.65245056152344
2016-04-28,60.650054931640625
2016-04-29,60.19264602661133
2016-05-02,61.20478057861328
2016-05-03,60.41648483276367
2016-05-04,60.22184371948242
2016-05-05,60.57219314575195
2016-05-06,62.22663879394531
2016-05-09,62.79109573364258
2016-05-10,62.81057357788086
2016-05-11,71.4136734008789
2016-05-12,73.0000228881836
2016-05-13,73.18492126464844
2016-05-16,74.56684875488281
2016-05-17,73.12652587890625
2016-05-18,72.49394226074219
2016-05-19,71.53047180175781
2016-05-20,71.15090942382812
2016-05-23,71.2774429321289
2016-05-24,73.33089447021484
2016-05-25,72.93189239501953
2016-05-26,73.09732818603516
2016-05-27,73.67152404785156
2016-05-31,74.69337463378906
2016-06-01,74.56684875488281
2016-06-02,74.52794647216797
2016-06-03,74.3138427734375
2016-06-06,74.44035339355469
2016-06-07,75.17997741699219
2016-06-08,74.23597717285156
2016-06-09,74.206787109375
2016-06-10,73.26275634765625
2016-06-13,72.25062561035156
2016-06-14,72.52313995361328
2016-06-15,72.39662170410156
2016-06-16,72.99028015136719
2016-06-17,72.52313995361328
2016-06-20,73.2919692993164
2016-06-21,73.48663330078125
2016-06-22,72.7956314086914
2016-06-23,74.01213073730469
2016-06-24,71.24822998046875
2016-06-27,69.58404541015625
2016-06-28,70.65457916259766
2016-06-29,71.7640380859375
2016-06-30,73.72990417480469
2016-07-01,73.83698272705078
2016-07-05,73.8564224243164
2016-07-06,74.68365478515625
2016-07-07,74.56684875488281
2016-07-08,76.16289520263672
2016-07-11,77.04854583740234
2016-07-12,77.3794174194336
2016-07-13,75.54006958007812
2016-07-14,75.95854949951172
2016-07-15,75.74444580078125
2016-07-18,76.16289520263672
2016-07-19,74.45008087158203
2016-07-20,74.64472961425781
2016-07-21,73.36009979248047
2016-07-22,74.28462982177734
2016-07-25,74.8393783569336
2016-07-26,74.7809829711914
2016-07-27,74.61553955078125
2016-07-28,74.23597717285156
2016-07-29,74.27491760253906
2016-08-01,74.57659149169922
2016-08-02,74.72257995605469
2016-08-03,76.52301025390625
2016-08-04,76.13372802734375
2016-08-05,77.7005844116211
2016-08-08,77.14585876464844
2016-08-09,76.58140563964844
2016-08-10,76.46460723876953
2016-08-11,75.76390838623047
2016-08-12,75.35514831542969
2016-08-15,77.35022735595703
2016-08-16,75.95854949951172
2016-08-17,77.63245391845703
2016-08-18,78.81002044677734
2016-08-19,79.56914520263672
2016-08-22,79.30635833740234
2016-08-23,80.1043930053711
2016-08-24,80.21145629882812
2016-08-25,79.3647689819336
2016-08-26,79.03386688232422
2016-08-29,79.3258285522461
2016-08-30,79.53993225097656
2016-08-31,79.05335235595703
2016-09-01,79.56914520263672
2016-09-02,81.22356414794922
2016-09-06,81.62259674072266
2016-09-07,80.53260040283203
2016-09-08,79.95842742919922
2016-09-09,77.72003936767578
2016-09-12,78.67379760742188
2016-09-13,78.7029800415039
2016-09-14,78.6640625
2016-09-15,81.13600158691406
2016-09-16,80.6688461303711
2016-09-19,80.55205535888672
2016-09-20,80.76617431640625
2016-09-21,81.23330688476562
2016-09-22,80.94132232666016
2016-09-23,82.00215148925781
2016-09-26,81.26250457763672
2016-09-27,82.9169692993164
2016-09-28,82.72230529785156
2016-09-29,82.00215148925781
2016-09-30,83.11162567138672
2016-10-03,83.121337890625
2016-10-04,83.26730346679688
2016-10-05,83.17971801757812
2016-10-06,82.31356811523438
2016-10-07,81.5641860961914
2016-10-10,82.46929168701172
2016-10-11,81.13600158691406
2016-10-12,80.31849670410156
2016-10-13,79.56914520263672
2016-10-14,80.37688446044922
2016-10-17,80.11412811279297
2016-10-18,81.75884246826172
2016-10-19,80.54235076904297
2016-10-20,80.30876922607422
2016-10-21,80.64939880371094
2016-10-24,81.89509582519531
2016-10-25,80.71752166748047
2016-10-26,80.3671646118164
2016-10-27,80.50341033935547
2016-10-28,77.3210220336914
2016-10-31,76.41595458984375
2016-11-01,75.75416564941406
2016-11-02,76.9998779296875
2016-11-03,78.36236572265625
2016-11-04,78.07039642333984
2016-11-07,78.90736389160156
2016-11-08,79.30635833740234
2016-11-09,77.3113021850586
2016-11-10,74.73229217529297
2016-11-11,75.37461853027344
2016-11-14,74.33331298828125
2016-11-15,75.54006958007812
2016-11-16,76.71765899658203
2016-11-17,77.48648071289062
2016-11-18,76.87334442138672
2016-11-21,76.16289520263672
2016-11-22,75.66658020019531
2016-11-23,77.22372436523438
2016-11-25,77.04854583740234
2016-11-28,76.6203384399414
2016-11-29,79.1895980834961
2016-11-30,77.11664581298828
2016-12-01,73.55472564697266
2016-12-02,73.82723236083984
2016-12-05,75.37461853027344
2016-12-06,74.8101806640625
2016-12-07,75.86121368408203
2016-12-08,75.6957778930664
2016-12-09,76.63980102539062
2016-12-12,78.45966339111328
2016-12-13,78.59591674804688
2016-12-14,78.53755187988281
2016-12-15,79.3258285522461
2016-12-16,77.3794174194336
2016-12-19,77.36968994140625
2016-12-20,77.36968994140625
2016-12-21,77.5254135131836
2016-12-22,77.65193176269531
2016-12-23,78.50833892822266
2016-12-27,78.90736389160156
2016-12-28,78.22608184814453
2016-12-29,78.01200866699219
2016-12-30,76.64950561523438
2017-01-03,77.04854583740234
2017-01-04,78.46939849853516
2017-01-05,76.84415435791016
2017-01-06,76.89282989501953
2017-01-09,76.5327377319336
2017-01-10,76.73713684082031
2017-01-11,76.9025650024414
2017-01-12,77.46701049804688
2017-01-13,78.1969223022461
2017-01-17,78.08013916015625
2017-01-18,78.3720932006836
2017-01-19,78.22608184814453
2017-01-20,77.97306823730469
2017-01-23,77.73951721191406
2017-01-24,78.35265350341797
2017-01-25,79.29664611816406
2017-01-26,79.5107421875
2017-01-27,80.9316177368164
2017-01-30,81.5933837890625
2017-01-31,81.19436645507812
2017-02-01,80.77589416503906
2017-02-02,80.29904174804688
2017-02-03,79.10199737548828
2017-02-06,79.3355712890625
2017-02-07,80.007080078125
2017-02-08,79.29664611816406
2017-02-09,81.02894592285156
2017-02-10,83.8609619140625
2017-02-13,84.0069351196289
2017-02-14,83.75391387939453
2017-02-15,85.59326171875
2017-02-16,85.49593353271484
2017-02-17,84.960693359375
2017-02-21,85.19426727294922
2017-02-22,85.03853607177734
2017-02-23,84.32809448242188
2017-02-24,84.2210464477539
2017-02-27,84.66871643066406
2017-02-28,84.18212890625
2017-03-01,85.46675109863281
2017-03-02,84.67845916748047
2017-03-03,84.90229034423828
2017-03-06,84.8049545288086
2017-03-07,85.93387603759766
2017-03-08,86.61512756347656
2017-03-09,86.64432525634766
2017-03-10,87.40342712402344
2017-03-13,88.29877471923828
2017-03-14,88.46422576904297
2017-03-15,89.05786895751953
2017-03-16,87.78296661376953
2017-03-17,87.1893081665039
2017-03-20,86.77084350585938
2017-03-21,86.04095458984375
2017-03-22,86.36209106445312
2017-03-23,86.23556518554688
2017-03-24,86.95574188232422
2017-03-27,86.63457489013672
2017-03-28,87.33528137207031
2017-03-29,87.37422180175781
2017-03-30,87.84137725830078
2017-03-31,87.1211929321289
2017-04-03,86.72218322753906
2017-04-04,86.88761901855469
2017-04-05,86.03118896484375
2017-04-06,86.18692779541016
2017-04-07,86.35235595703125
2017-04-10,86.36209106445312
2017-04-11,87.27689361572266
2017-04-12,87.53966522216797
2017-04-13,86.63457489013672
2017-04-17,86.81951141357422
2017-04-18,86.80975341796875
2017-04-19,87.24771881103516
2017-04-20,88.76591491699219
2017-04-21,89.47634887695312
2017-04-24,90.32303619384766
2017-04-25,90.4981918334961
2017-04-26,90.99454498291016
2017-04-27,91.7147216796875
2017-04-28,92.2791748046875
2017-05-01,92.24996185302734
2017-05-02,91.72445678710938
2017-05-03,91.58819580078125
2017-05-04,92.22079467773438
2017-05-05,93.17451477050781
2017-05-08,93.16477966308594
2017-05-09,93.43728637695312
2017-05-10,105.26170349121094
2017-05-11,105.67046356201172
2017-05-12,106.16677856445312
2017-05-15,107.92828369140625
2017-05-16,108.7652359008789
2017-05-17,102.41998291015625
2017-05-18,104.06466674804688
2017-05-19,104.75563049316406
2017-05-22,105.48554992675781
2017-05-23,106.08894348144531
2017-05-24,109.30049896240234
2017-05-25,110.7797622680664
2017-05-26,109.12531280517578
2017-05-30,109.8260269165039
2017-05-31,110.29318237304688
2017-06-01,110.81869506835938
2017-06-02,111.4512939453125
2017-06-05,111.61671447753906
2017-06-06,110.6435317993164
2017-06-07,112.27851867675781
2017-06-08,111.2274398803711
2017-06-09,107.50006103515625
2017-06-12,105.98188781738281
2017-06-13,107.03295135498047
2017-06-14,107.07186126708984
2017-06-15,107.56819915771484
2017-06-16,107.5487289428711
2017-06-19,110.60457611083984
2017-06-20,110.42942810058594
2017-06-21,110.137451171875
2017-06-22,109.60218811035156
2017-06-23,107.89909362792969
2017-06-26,108.8625717163086
2017-06-27,105.41742706298828
2017-06-28,105.894287109375
2017-06-29,103.82136535644531
2017-06-30,102.88709259033203
2017-07-03,102.59512329101562
2017-07-05,103.89922332763672
2017-07-06,102.91629791259766
2017-07-07,104.57071685791016
2017-07-10,104.95027923583984
2017-07-11,105.5147476196289
2017-07-12,107.71417999267578
2017-07-13,106.05974578857422
2017-07-14,106.06947326660156
2017-07-17,106.50741577148438
2017-07-18,107.32489776611328
2017-07-19,108.59007263183594
2017-07-20,108.9696044921875
2017-07-21,109.21292877197266
2017-07-24,110.70191192626953
2017-07-25,110.61433410644531
2017-07-26,114.83804321289062
2017-07-27,114.44876098632812
2017-07-28,115.08133697509766
2017-07-31,113.61180877685547
2017-08-01,113.78697204589844
2017-08-02,113.69937896728516
2017-08-03,115.66525268554688
2017-08-04,114.07893371582031
2017-08-07,113.825927734375
2017-08-08,113.37821197509766
2017-08-09,112.99869537353516
2017-08-10,110.93549346923828
2017-08-11,112.35636138916016
2017-08-14,113.97188568115234
2017-08-15,114.2833023071289
2017-08-16,116.05453491210938
2017-08-17,113.34905242919922
2017-08-18,113.748046875
2017-08-21,113.70912170410156
2017-08-22,115.84042358398438
2017-08-23,115.01322174072266
2017-08-24,114.66284942626953
2017-08-25,113.79669189453125
2017-08-28,115.54849243164062
2017-08-29,116.03508758544922
2017-08-30,118.70166778564453
2017-08-31,118.24424743652344
2017-09-01,116.11293029785156
2017-09-05,115.04241943359375
2017-09-06,113.86483764648438
2017-09-07,115.74311828613281
2017-09-08,115.11054229736328
2017-09-11,117.94255065917969
2017-09-12,117.18346405029297
2017-09-13,116.39515686035156
2017-09-14,115.99613952636719
2017-09-15,116.2199935913086
2017-09-18,116.74552154541016
2017-09-19,116.98882293701172
2017-09-20,117.11532592773438
2017-09-21,114.85751342773438
2017-09-22,115.32463836669922
2017-09-25,111.1398696899414
2017-09-26,110.86736297607422
2017-09-27,112.86241912841797
2017-09-28,113.48526763916016
2017-09-29,114.89642333984375
2017-10-02,114.78938293457031
2017-10-03,114.79912567138672
2017-10-04,115.38302612304688
2017-10-05,116.3172836303711
2017-10-06,116.87201690673828
2017-10-09,115.44144439697266
2017-10-10,114.66284942626953
2017-10-11,112.9402847290039
2017-10-12,114.00108337402344
2017-10-13,115.44144439697266
2017-10-16,114.33197784423828
2017-10-17,112.87216186523438
2017-10-18,110.12773895263672
2017-10-19,110.0401382446289
2017-10-20,110.57540893554688
2017-10-23,110.61433410644531
2017-10-24,110.35157775878906
2017-10-25,111.49019622802734
2017-10-26,112.72616577148438
2017-10-27,113.75778198242188
2017-10-30,114.4292984008789
2017-10-31,116.39515686035156
2017-11-01,111.40261840820312
2017-11-02,109.67033386230469
2017-11-03,110.16667175292969
2017-11-06,109.44648742675781
2017-11-07,108.70684814453125
2017-11-08,111.0911865234375
2017-11-09,108.89175415039062
2017-11-10,109.72871398925781
2017-11-13,109.008544921875
2017-11-14,109.26158142089844
2017-11-15,108.49274444580078
2017-11-16,108.60952758789062
2017-11-17,105.90401458740234
2017-11-20,104.75563049316406
2017-11-21,104.8237533569336
2017-11-22,104.44422912597656
2017-11-24,105.04761505126953
2017-11-27,104.12307739257812
2017-11-28,106.53660583496094
2017-11-29,102.66325378417969
2017-11-30,103.50021362304688
2017-12-01,103.17906188964844
2017-12-04,98.12814331054688
2017-12-05,100.60978698730469
2017-12-06,100.41517639160156
2017-12-07,101.5732650756836
2017-12-08,102.44916534423828
2017-12-11,105.02815246582031
2017-12-12,104.77513122558594
2017-12-13,102.71190643310547
2017-12-14,103.5683364868164
2017-12-15,106.3516845703125
2017-12-18,104.46367645263672
2017-12-19,104.13279724121094
2017-12-20,105.54393005371094
2017-12-21,105.07679748535156
2017-12-22,103.17906188964844
2017-12-26,102.24476623535156
2017-12-27,102.41020202636719
2017-12-28,102.48809814453125
2017-12-29,102.24476623535156
2018-01-02,106.51714324951172
2018-01-03,106.8091049194336
2018-01-04,104.31771087646484
2018-01-05,109.37837219238281
2018-01-08,110.18611907958984
2018-01-09,109.17400360107422
2018-01-10,109.24211883544922
2018-01-11,108.99880981445312
2018-01-12,110.09854888916016
2018-01-16,108.92095947265625
2018-01-17,110.1082534790039
2018-01-18,112.19093322753906
2018-01-19,113.06681823730469
2018-01-22,114.82828521728516
2018-01-23,114.51686096191406
2018-01-24,111.58753967285156
2018-01-25,111.43183135986328
2018-01-26,112.1130599975586
2018-01-29,114.4974136352539
2018-01-30,115.5192642211914
2018-01-31,123.55792236328125
2018-02-01,124.74524688720703
2018-02-02,121.19304656982422
2018-02-05,118.38050079345703
2018-02-06,119.83057403564453
2018-02-07,119.75273132324219
2018-02-08,113.41715240478516
2018-02-09,117.40729522705078
2018-02-12,118.94495391845703
2018-02-13,119.00334167480469
2018-02-14,120.45340728759766
2018-02-15,123.0908203125
2018-02-16,122.64311218261719
2018-02-20,122.95455169677734
2018-02-21,121.55313110351562
2018-02-22,121.2708969116211
2018-02-23,123.6941909790039
2018-02-26,125.12481689453125
2018-02-27,122.42903900146484
2018-02-28,120.38529205322266
2018-03-01,118.89630126953125
2018-03-02,121.73804473876953
2018-03-05,122.72098541259766
2018-03-06,121.2125244140625
2018-03-07,123.76232147216797
2018-03-08,125.36812591552734
2018-03-09,125.04693603515625
2018-03-12,124.68685150146484
2018-03-13,123.17839813232422
2018-03-14,124.54087829589844
2018-03-15,125.66004943847656
2018-03-16,125.07615661621094
2018-03-19,122.07868194580078
2018-03-20,123.45087432861328
2018-03-21,122.62367248535156
2018-03-22,119.6845932006836
2018-03-23,118.18584442138672
2018-03-26,123.05188751220703
2018-03-27,116.76496887207031
2018-03-28,116.13240051269531
2018-03-29,117.9911880493164
2018-04-02,115.53874206542969
2018-04-03,116.30757141113281
2018-04-04,116.89149475097656
2018-04-05,117.98147583007812
2018-04-06,115.18839263916016
2018-04-09,115.67498779296875
2018-04-10,117.47540283203125
2018-04-11,115.59712982177734
2018-04-12,117.84522247314453
2018-04-13,117.30023193359375
2018-04-16,118.91576385498047
2018-04-17,120.97894287109375
2018-04-18,121.58232879638672
2018-04-19,119.81109619140625
2018-04-20,117.65060424804688
2018-04-23,116.39515686035156
2018-04-24,115.41222381591797
2018-04-25,113.55339813232422
2018-04-26,116.39515686035156
2018-04-27,114.32223510742188
2018-04-30,114.8185806274414
2018-05-01,116.61901092529297
2018-05-02,115.75283813476562
2018-05-03,116.94988250732422
2018-05-04,120.326904296875
2018-05-07,120.59939575195312
2018-05-08,120.57020568847656
2018-05-09,127.4994125366211
2018-05-10,130.17575073242188
2018-05-11,129.25115966796875
2018-05-14,128.97866821289062
2018-05-15,126.62352752685547
2018-05-16,127.35343170166016
2018-05-17,127.30474853515625
2018-05-18,128.462890625
2018-05-21,129.34848022460938
2018-05-22,128.63804626464844
2018-05-23,129.92271423339844
2018-05-24,127.95680236816406
2018-05-25,128.3169403076172
2018-05-29,127.73294830322266
2018-05-30,127.84976959228516
2018-05-31,127.40211486816406
2018-06-01,132.0540008544922
2018-06-04,131.0515594482422
2018-06-05,133.2899932861328
2018-06-06,133.27053833007812
2018-06-07,133.24130249023438
2018-06-08,134.17555236816406
2018-06-11,135.43101501464844
2018-06-12,136.034423828125
2018-06-13,139.44064331054688
2018-06-14,140.5208740234375
2018-06-15,142.7203369140625
2018-06-18,140.978271484375
2018-06-19,139.25572204589844
2018-06-20,139.69361877441406
2018-06-21,139.3141326904297
2018-06-22,137.47474670410156
2018-06-25,136.7545623779297
2018-06-26,136.60858154296875
2018-06-27,134.05880737304688
2018-06-28,136.8616485595703
2018-06-29,137.24119567871094
2018-07-02,139.63528442382812
2018-07-03,137.44554138183594
2018-07-05,139.39195251464844
2018-07-06,141.21188354492188
2018-07-09,140.76419067382812
2018-07-10,140.32623291015625
2018-07-11,141.81520080566406
2018-07-12,144.6278076171875
2018-07-13,144.74459838867188
2018-07-16,142.74952697753906
2018-07-17,144.75433349609375
2018-07-18,144.9391632080078
2018-07-19,143.99520874023438
2018-07-20,143.528076171875
2018-07-23,142.6327362060547
2018-07-24,140.45277404785156
2018-07-25,142.57431030273438
2018-07-26,138.09756469726562
2018-07-27,130.22438049316406
2018-07-30,122.8280258178711
2018-07-31,125.29998016357422
2018-08-01,124.06400299072266
2018-08-02,125.20265197753906
2018-08-03,127.36315155029297
2018-08-06,125.5724868774414
2018-08-07,124.66739654541016
2018-08-08,124.96908569335938
2018-08-09,124.3948974609375
2018-08-10,127.80111694335938
2018-08-13,127.80111694335938
2018-08-14,128.3752899169922
2018-08-15,124.61873626708984
2018-08-16,126.23424530029297
2018-08-17,124.57979583740234
2018-08-20,124.287841796875
2018-08-21,123.36329650878906
2018-08-22,124.20024108886719
2018-08-23,122.73070526123047
2018-08-24,125.51407623291016
2018-08-27,125.51407623291016
2018-08-28,124.36568450927734
2018-08-29,125.07615661621094
2018-08-30,112.83324432373047
2018-08-31,110.37103271484375
2018-09-04,110.47807312011719
2018-09-05,108.56087493896484
2018-09-06,110.16667175292969
2018-09-07,111.83082580566406
2018-09-10,110.17638397216797
2018-09-11,109.28105163574219
2018-09-12,109.97200012207031
2018-09-13,110.78950500488281
2018-09-14,111.20796203613281
2018-09-17,109.67033386230469
2018-09-18,109.63140106201172
2018-09-19,109.89415740966797
2018-09-20,110.42942810058594
2018-09-21,111.9378890991211
2018-09-24,112.1520004272461
2018-09-25,113.13494110107422
2018-09-26,114.92562866210938
2018-09-27,116.18104553222656
2018-09-28,117.26129150390625
2018-10-01,114.40009307861328
2018-10-02,113.91349029541016
2018-10-03,113.27116394042969
2018-10-04,110.95494842529297
2018-10-05,110.68244934082031
2018-10-08,107.6557846069336
2018-10-09,106.55606842041016
2018-10-10,102.3323745727539
2018-10-11,100.82390594482422
2018-10-12,103.25688934326172
2018-10-15,103.04281616210938
2018-10-16,104.54154205322266
2018-10-17,105.87483215332031
2018-10-18,102.96495056152344
2018-10-19,99.37381744384766
2018-10-22,98.6439208984375
2018-10-23,96.43475341796875
2018-10-24,93.67084503173828
2018-10-25,95.99681854248047
2018-10-26,93.64167022705078
2018-10-29,88.74644470214844
2018-10-30,92.28890228271484
2018-10-31,88.54206085205078
2018-11-01,91.67578887939453
2018-11-02,89.982421875
2018-11-05,90.20623016357422
2018-11-06,89.75857543945312
2018-11-07,91.28651428222656
2018-11-08,91.3546142578125
2018-11-09,86.5080795288086
2018-11-12,85.31104278564453
2018-11-13,85.04826354980469
2018-11-14,83.46195220947266
2018-11-15,85.88521575927734
2018-11-16,83.66632843017578
2018-11-19,80.81484985351562
2018-11-20,80.79536437988281
2018-11-21,81.76856231689453
2018-11-23,80.45474243164062
2018-11-26,82.65418243408203
2018-11-27,82.76124572753906
2018-11-28,83.59818267822266
2018-11-29,84.07506561279297
2018-11-30,81.8172378540039
2018-12-03,81.74910736083984
2018-12-04,79.00467681884766
2018-12-06,81.63232421875
2018-12-07,80.30876922607422
2018-12-10,81.486328125
2018-12-11,81.20410919189453
2018-12-12,80.76617431640625
2018-12-13,78.69325256347656
2018-12-14,78.01200866699219
2018-12-17,77.10693359375
2018-12-18,77.8563003540039
2018-12-19,76.26024627685547
2018-12-20,75.36488342285156
2018-12-21,74.51819610595703
2018-12-24,72.7177734375
2018-12-26,75.80281829833984
2018-12-27,77.30155944824219
2018-12-28,77.17504119873047
2018-12-31,76.79550170898438
2019-01-02,78.21639251708984
2019-01-03,76.60086822509766
2019-01-04,82.15785217285156
2019-01-07,85.2428970336914
2019-01-08,86.63457489013672
2019-01-09,86.52754974365234
2019-01-10,88.57127380371094
2019-01-11,88.26957702636719
2019-01-14,86.20639038085938
2019-01-15,87.09198760986328
2019-01-16,87.51048278808594
2019-01-17,86.91682434082031
2019-01-18,90.0407943725586
2019-01-22,88.86322784423828
2019-01-23,86.74162292480469
2019-01-24,89.0286636352539
2019-01-25,89.28170013427734
2019-01-28,88.04573059082031
2019-01-29,84.90229034423828
2019-01-30,86.83898162841797
2019-01-31,89.768310546875
2019-02-01,88.775634765625
2019-02-04,86.06039428710938
2019-02-05,90.0407943725586
2019-02-06,78.0606689453125
2019-02-07,81.846435546875
2019-02-08,94.98468780517578
2019-02-11,94.63432312011719
2019-02-12,99.58795166015625
2019-02-13,99.51007843017578
2019-02-14,102.42967987060547
2019-02-15,103.9770736694336
2019-02-19,100.20106506347656
2019-02-20,95.98707580566406
2019-02-21,94.26449584960938
2019-02-22,93.34971618652344
2019-02-25,93.29131317138672
2019-02-26,95.86056518554688
2019-02-27,95.21823120117188
2019-02-28,93.21346282958984
2019-03-01,94.79976654052734
2019-03-04,94.6829833984375
2019-03-05,93.15506744384766
2019-03-06,92.23049926757812
2019-03-07,96.697509765625
2019-03-08,95.72429656982422
2019-03-11,96.3860855102539
2019-03-12,95.9481430053711
2019-03-13,97.44688415527344
2019-03-14,96.18171691894531
2019-03-15,96.32771301269531
2019-03-18,96.9894790649414
2019-03-19,94.89708709716797
2019-03-20,94.42994689941406
2019-03-21,102.06959533691406
2019-03-22,99.59765625
2019-03-25,99.00401306152344
2019-03-26,99.57820129394531
2019-03-27,97.97240447998047
2019-03-28,99.46141052246094
2019-03-29,98.90668487548828
2019-04-01,99.9188232421875
2019-04-02,98.13785552978516
2019-04-03,97.46634674072266
2019-04-04,95.3155746459961
2019-04-05,96.765625
2019-04-08,95.32527923583984
2019-04-09,95.61726379394531
2019-04-10,96.96028137207031
2019-04-11,97.88481903076172
2019-04-12,99.10132598876953
2019-04-15,95.22797393798828
2019-04-16,91.3156967163086
2019-04-17,89.48607635498047
2019-04-18,90.6441879272461
2019-04-22,90.0407943725586
2019-04-23,92.09426879882812
2019-04-24,91.62710571289062
2019-04-25,90.48847961425781
2019-04-26,91.93855285644531
2019-04-29,92.19158935546875
2019-04-30,92.11373901367188
2019-05-01,92.31808471679688
2019-05-02,91.87042236328125
2019-05-03,90.02132415771484
2019-05-06,91.24757385253906
2019-05-07,90.24518585205078
2019-05-08,91.36437225341797
2019-05-09,90.81935119628906
2019-05-10,91.36437225341797
2019-05-13,87.99707794189453
2019-05-14,92.0358657836914
2019-05-15,94.17691040039062
2019-05-16,96.3471450805664
2019-05-17,94.65380859375
2019-05-20,90.20623016357422
2019-05-21,93.0869369506836
2019-05-22,91.325439453125
2019-05-23,89.64179229736328
2019-05-24,89.7975082397461
2019-05-28,90.99454498291016
2019-05-29,90.07001495361328
2019-05-30,89.66126251220703
2019-05-31,90.58582305908203
2019-06-03,88.86322784423828
2019-06-04,91.60765075683594
2019-06-05,92.69766235351562
2019-06-06,93.8071060180664
2019-06-07,94.39102172851562
2019-06-10,92.95067596435547
2019-06-11,92.04560089111328
2019-06-12,90.18678283691406
2019-06-13,91.06266784667969
2019-06-14,90.24518585205078
2019-06-17,89.96294403076172
2019-06-18,89.56392669677734
2019-06-19,90.09920501708984
2019-06-20,90.6928482055664
2019-06-21,92.77550506591797
2019-06-24,96.3471450805664
2019-06-25,94.30343627929688
2019-06-26,94.71217346191406
2019-06-27,96.4834213256836
2019-06-28,98.5466079711914
2019-07-01,98.1865234375
2019-07-02,99.96748352050781
2019-07-03,95.48101806640625
2019-07-05,91.09186553955078
2019-07-08,90.9361572265625
2019-07-09,89.5833969116211
2019-07-10,91.44220733642578
2019-07-11,90.98480987548828
2019-07-12,90.332763671875
2019-07-15,89.74884033203125
2019-07-16,87.15040588378906
2019-07-17,87.2963638305664
2019-07-18,86.80003356933594
2019-07-19,85.15533447265625
2019-07-22,85.7781753540039
2019-07-23,85.85603332519531
2019-07-24,87.37422180175781
2019-07-25,86.77084350585938
2019-07-26,87.1114501953125
2019-07-29,86.48861694335938
2019-07-30,86.1966323852539
2019-07-31,90.02132415771484
2019-08-01,92.06505584716797
2019-08-02,90.40088653564453
2019-08-05,86.21612548828125
2019-08-06,87.68565368652344
2019-08-07,89.7975082397461
2019-08-08,92.67818450927734
2019-08-09,89.50555419921875
2019-08-12,89.31089782714844
2019-08-13,89.86563873291016
2019-08-14,85.7392349243164
2019-08-15,85.52513885498047
2019-08-16,87.1601333618164
2019-08-19,88.47396850585938
2019-08-20,90.21597290039062
2019-08-21,91.52008056640625
2019-08-22,92.08453369140625
2019-08-23,90.42036437988281
2019-08-26,91.8509521484375
2019-08-27,91.53954315185547
2019-08-28,89.92403411865234
2019-08-29,90.53713989257812
2019-08-30,91.16973114013672
2019-09-03,92.28890228271484
2019-09-04,95.32527923583984
2019-09-05,94.83869171142578
2019-09-06,95.88975524902344
2019-09-09,96.03572082519531
2019-09-10,96.83375549316406
2019-09-11,96.45423889160156
2019-09-12,95.70484161376953
2019-09-13,95.8410873413086
2019-09-16,96.46393585205078
2019-09-17,95.78269958496094
2019-09-18,95.64645385742188
2019-09-19,97.01866912841797
2019-09-20,96.05519104003906
2019-09-23,95.54912567138672
2019-09-24,94.7511215209961
2019-09-25,95.01387786865234
2019-09-26,94.03094482421875
2019-09-27,93.10639190673828
2019-09-30,95.19879150390625
2019-10-01,94.1574478149414
2019-10-02,91.72445678710938
2019-10-03,91.8120346069336
2019-10-04,93.04800415039062
2019-10-07,91.06266784667969
2019-10-08,90.06027221679688
2019-10-09,90.39116668701172
2019-10-10,90.05055236816406
2019-10-11,91.66604614257812
2019-10-14,91.36437225341797
2019-10-15,92.600341796875
2019-10-16,93.64167022705078
2019-10-17,94.16720581054688
2019-10-18,92.58087158203125
2019-10-21,93.24263000488281
2019-10-22,91.77310180664062
2019-10-23,93.14532470703125
2019-10-24,93.40809631347656
2019-10-25,93.72923278808594
2019-10-28,94.1282730102539
2019-10-29,91.88016510009766
2019-10-30,94.1282730102539
2019-10-31,93.81684112548828
2019-11-01,92.74633026123047
2019-11-04,95.51994323730469
2019-11-05,95.62699127197266
2019-11-06,96.02600860595703
2019-11-07,94.62461853027344
2019-11-08,95.6367416381836
2019-11-11,93.8071060180664
2019-11-12,93.74870300292969
2019-11-13,93.42754364013672
2019-11-14,94.92627716064453
2019-11-15,94.92627716064453
2019-11-18,94.78030395507812
2019-11-19,94.09906768798828
2019-11-20,95.49075317382812
2019-11-21,96.35690307617188
2019-11-22,96.53204345703125
2019-11-25,97.12572479248047
2019-11-26,96.61966705322266
2019-11-27,98.08921813964844
2019-11-29,98.30331420898438
2019-12-02,97.70964813232422
2019-12-03,98.55634307861328
2019-12-04,97.9334945678711
2019-12-05,99.3835678100586
2019-12-06,100.46382904052734
2019-12-09,99.29595947265625
2019-12-10,99.11105346679688
2019-12-11,100.43460845947266
2019-12-12,102.27396392822266
2019-12-13,101.74844360351562
2019-12-16,102.88709259033203
2019-12-17,102.91629791259766
2019-12-18,104.21064758300781
2019-12-19,104.46367645263672
2019-12-20,105.05732727050781
2019-12-23,104.90162658691406
2019-12-24,105.64125061035156
2019-12-26,105.60233306884766
2019-12-27,105.52448272705078
2019-12-30,104.06466674804688
2019-12-31,104.62911987304688
2020-01-02,104.46367645263672
2020-01-03,104.3274154663086
2020-01-06,105.86507415771484
2020-01-07,105.48554992675781
2020-01-08,106.55606842041016
2020-01-09,106.4295425415039
2020-01-10,105.68018341064453
2020-01-13,106.87722778320312
2020-01-14,106.64364624023438
2020-01-15,106.67285919189453
2020-01-16,108.27862548828125
2020-01-17,109.90390014648438
2020-01-21,109.3978271484375
2020-01-22,110.05960083007812
2020-01-23,110.43914794921875
2020-01-24,109.31995391845703
2020-01-27,107.59739685058594
2020-01-28,108.90147399902344
2020-01-29,109.20317077636719
2020-01-30,108.64844512939453
2020-01-31,105.02815246582031
2020-02-03,102.22532653808594
2020-02-04,104.2009048461914
2020-02-05,104.93083953857422
2020-02-06,107.05240631103516
2020-02-07,106.16677856445312
2020-02-10,105.78724670410156
2020-02-11,106.11811828613281
2020-02-12,106.7799072265625
2020-02-13,105.92349243164062
2020-02-14,106.75072479248047
2020-02-18,106.5268783569336
2020-02-19,106.83829498291016
2020-02-20,106.27383422851562
2020-02-21,105.11573028564453
2020-02-24,104.16197967529297
2020-02-25,102.55621337890625
2020-02-26,103.68511199951172
2020-02-27,99.98694610595703
2020-02-28,98.6536636352539
2020-03-02,104.0257339477539
2020-03-03,103.8408432006836
2020-03-04,108.83336639404297
2020-03-05,107.25677490234375
2020-03-06,104.78483581542969
2020-03-09,98.2254409790039
2020-03-10,100.60978698730469
2020-03-11,98.46874237060547
2020-03-12,90.84856414794922
2020-03-13,94.45914459228516
2020-03-16,86.29397583007812
2020-03-17,92.85334777832031
2020-03-18,87.79270935058594
2020-03-19,87.64672088623047
2020-03-20,84.61034393310547
2020-03-23,92.91175842285156
2020-03-24,91.77310180664062
2020-03-25,87.23796081542969
2020-03-26,96.54179382324219
2020-03-27,92.81443786621094
2020-03-30,95.072265625
2020-03-31,97.48580169677734
2020-04-01,94.91654968261719
2020-04-02,99.54901123046875
2020-04-03,100.07453918457031
2020-04-06,103.65592193603516
2020-04-07,103.47102355957031
2020-04-08,103.93814849853516
2020-04-09,102.96495056152344
2020-04-13,106.37113952636719
2020-04-14,109.02801513671875
2020-04-15,110.46835327148438
2020-04-16,114.93534088134766
2020-04-17,112.06438446044922
2020-04-20,112.31745147705078
2020-04-21,110.23478698730469
2020-04-22,111.49996185302734
2020-04-23,111.39289093017578
2020-04-24,113.19331359863281
2020-04-27,112.91107940673828
2020-04-28,108.3662338256836
2020-04-29,109.75789642333984
2020-04-30,111.1982650756836
2020-05-01,110.23478698730469
2020-05-04,113.69937896728516
2020-05-05,116.4048843383789
2020-05-06,112.2298355102539
2020-05-07,113.6701889038086
2020-05-08,113.4950180053711
2020-05-11,114.22490692138672
2020-05-12,113.2517318725586
2020-05-13,113.76750183105469
2020-05-14,113.98162078857422
2020-05-15,114.96454620361328
2020-05-18,113.98162078857422
2020-05-19,115.36358642578125
2020-05-20,116.34650421142578
2020-05-21,114.21517944335938
2020-05-22,116.60926818847656
2020-05-26,113.51445770263672
2020-05-27,114.23466491699219
2020-05-28,118.0982666015625
2020-05-29,119.58726501464844
2020-06-01,119.48993682861328
2020-06-02,119.08120727539062
2020-06-03,114.7698974609375
2020-06-04,114.04000854492188
2020-06-05,115.14945983886719
2020-06-08,116.30757141113281
2020-06-09,117.82577514648438
2020-06-10,121.46553802490234
2020-06-11,119.13959503173828
2020-06-12,118.70166778564453
2020-06-15,123.12971496582031
2020-06-16,122.36090850830078
2020-06-17,124.6771240234375
2020-06-18,125.8839111328125
2020-06-19,126.7013931274414
2020-06-22,126.2439956665039
2020-06-23,127.1004409790039
2020-06-24,127.36315155029297
2020-06-25,127.23664093017578
2020-06-26,127.42156982421875
2020-06-29,127.18800354003906
2020-06-30,128.51156616210938
2020-07-01,131.5966339111328
2020-07-02,130.25357055664062
2020-07-06,130.67205810546875
2020-07-07,131.1684112548828
2020-07-08,131.9761505126953
2020-07-09,135.05149841308594
2020-07-10,137.03680419921875
2020-07-13,131.68418884277344
2020-07-14,134.81790161132812
2020-07-15,134.72056579589844
2020-07-16,134.3507843017578
2020-07-17,134.60379028320312
2020-07-20,137.73753356933594
2020-07-21,135.6062469482422
2020-07-22,134.59408569335938
2020-07-23,131.7328338623047
2020-07-24,131.6160888671875
2020-07-27,132.51138305664062
2020-07-28,131.1684112548828
2020-07-29,132.28756713867188
2020-07-30,134.87631225585938
2020-07-31,137.82513427734375
2020-08-03,138.54531860351562
2020-08-04,142.39918518066406
2020-08-05,142.26292419433594
2020-08-06,143.01229858398438
2020-08-07,140.13162231445312
2020-08-10,136.92979431152344
2020-08-11,132.06370544433594
2020-08-12,136.15118408203125
2020-08-13,137.9710693359375
2020-08-14,136.66697692871094
2020-08-17,136.6864471435547
2020-08-18,138.75936889648438
2020-08-19,138.05870056152344
2020-08-20,139.63528442382812
2020-08-21,137.4261016845703
2020-08-24,138.5160675048828
2020-08-25,138.39930725097656
2020-08-26,139.78126525878906
2020-08-27,137.9710693359375
2020-08-28,137.09518432617188
2020-08-31,135.7327117919922
2020-09-01,134.58432006835938
2020-09-02,135.82029724121094
2020-09-03,129.2609100341797
2020-09-04,126.64300537109375
2020-09-08,120.96923065185547
2020-09-09,125.25131225585938
2020-09-10,123.84989166259766
2020-09-11,122.64311218261719
2020-09-14,122.79884338378906
2020-09-15,124.89122772216797
2020-09-16,123.34381866455078
2020-09-17,121.90349578857422
2020-09-18,122.52633666992188
2020-09-21,124.85227966308594
2020-09-22,127.5091552734375
2020-09-23,124.97881317138672
2020-09-24,125.85469055175781
2020-09-25,127.67459869384766
2020-09-28,128.7353973388672
2020-09-29,126.53594970703125
2020-09-30,126.91551208496094
2020-10-01,129.22195434570312
2020-10-02,125.61138916015625
2020-10-05,127.21717834472656
2020-10-06,121.49474334716797
2020-10-07,121.66019439697266
2020-10-08,122.61392974853516
2020-10-09,124.03480529785156
2020-10-12,127.37291717529297
2020-10-13,129.37770080566406
2020-10-14,129.1927947998047
2020-10-15,127.82057189941406
2020-10-16,128.3850555419922
2020-10-19,126.38995361328125
2020-10-20,123.94721221923828
2020-10-21,124.22945404052734
2020-10-22,123.51900482177734
2020-10-23,123.3730239868164
2020-10-26,123.28546142578125
2020-10-27,123.22705078125
2020-10-28,122.23439025878906
2020-10-29,120.57994842529297
2020-10-30,116.61901092529297
2020-11-02,116.59951782226562
2020-11-03,117.50459289550781
2020-11-04,121.9521484375
2020-11-05,124.89122772216797
2020-11-06,115.99613952636719
2020-11-09,113.83561706542969
2020-11-10,115.74311828613281
2020-11-11,116.5703353881836
2020-11-12,116.12264251708984
2020-11-13,117.56301879882812
2020-11-16,115.42195129394531
2020-11-17,115.34407806396484
2020-11-18,113.70912170410156
2020-11-19,116.92070007324219
2020-11-20,118.60433197021484
2020-11-23,118.59458923339844
2020-11-24,117.02774810791016
2020-11-25,118.25398254394531
2020-11-27,120.84266662597656
2020-11-30,124.32677459716797
2020-12-01,123.99542999267578
2020-12-02,126.23677062988281
2020-12-03,125.10638427734375
2020-12-04,125.4084701538086
2020-12-07,127.50363159179688
2020-12-08,128.78021240234375
2020-12-09,129.77420043945312
2020-12-10,131.2456817626953
2020-12-11,132.33714294433594
2020-12-14,134.0327911376953
2020-12-15,137.07325744628906
2020-12-16,137.98928833007812
2020-12-17,136.2838897705078
2020-12-18,138.97352600097656
2020-12-21,137.41429138183594
2020-12-22,135.8746337890625
2020-12-23,137.90155029296875
2020-12-24,138.19387817382812
2020-12-28,137.13169860839844
2020-12-29,137.11224365234375
2020-12-30,138.4278106689453
2020-12-31,139.93832397460938
2021-01-04,135.95254516601562
2021-01-05,137.71640014648438
2021-01-06,133.3116455078125
2021-01-07,137.15118408203125
2021-01-08,138.24266052246094
2021-01-11,137.61895751953125
2021-01-12,135.5140380859375
2021-01-13,132.86338806152344
2021-01-14,135.39712524414062
2021-01-15,135.45555114746094
2021-01-19,137.8236083984375
2021-01-20,141.8872833251953
2021-01-21,142.2478485107422
2021-01-22,142.27703857421875
2021-01-25,142.56942749023438
2021-01-26,142.56942749023438
2021-01-27,142.50119018554688
2021-01-28,139.36329650878906
2021-01-29,139.54844665527344
2021-02-01,142.1503448486328
2021-02-02,145.17138671875
2021-02-03,137.22915649414062
2021-02-04,135.0950164794922
2021-02-05,137.61895751953125
2021-02-08,138.82737731933594
2021-02-09,142.38424682617188
2021-02-10,140.9225311279297
2021-02-11,143.57313537597656
2021-02-12,143.97267150878906
2021-02-16,142.0626678466797
2021-02-17,142.1114044189453
2021-02-18,143.65110778808594
2021-02-19,142.22836303710938
2021-02-22,138.63246154785156
2021-02-23,137.57020568847656
2021-02-24,134.16925048828125
2021-02-25,131.79147338867188
2021-02-26,130.5538330078125
2021-03-01,133.7696990966797
2021-03-02,133.4965057373047
2021-03-03,129.8180694580078
2021-03-04,128.100830078125
2021-03-05,129.37901306152344
2021-03-08,124.11991882324219
2021-03-09,127.74955749511719
2021-03-10,126.959228515625
2021-03-11,128.14959716796875
2021-03-12,127.32025146484375
2021-03-15,127.71053314208984
2021-03-16,128.53985595703125
2021-03-17,127.42760467529297
2021-03-18,124.8907241821289
2021-03-19,125.28101348876953
2021-03-22,128.2179412841797
2021-03-23,129.8180694580078
2021-03-24,126.6469955444336
2021-03-25,126.87138366699219
2021-03-26,129.62289428710938
2021-03-29,131.69142150878906
2021-03-30,131.16453552246094
2021-03-31,132.08168029785156
2021-04-01,134.60877990722656
2021-04-05,138.10182189941406
2021-04-06,137.84812927246094
2021-04-07,138.56040954589844
2021-04-08,138.111572265625
2021-04-09,137.04808044433594
2021-04-12,138.01397705078125
2021-04-13,138.6580047607422
2021-04-14,138.17015075683594
2021-04-15,139.30197143554688
2021-04-16,137.62371826171875
2021-04-19,136.2382354736328
2021-04-20,137.43832397460938
2021-04-21,137.61395263671875
2021-04-22,137.82864379882812
2021-04-23,139.6629180908203
2021-04-26,140.29714965820312
2021-04-27,139.97518920898438
2021-04-28,140.49232482910156
2021-04-29,142.7852325439453
2021-04-30,138.628662109375
2021-05-03,137.7505645751953
2021-05-04,133.73060607910156
2021-05-05,134.5111846923828
2021-05-06,137.90667724609375
2021-05-07,138.96046447753906
2021-05-10,137.23341369628906
2021-05-11,137.9262237548828
2021-05-12,136.2772674560547
2021-05-13,135.7503662109375
2021-05-14,135.2527618408203
2021-05-17,134.18923950195312
2021-05-18,134.7063751220703
2021-05-19,135.50643920898438
2021-05-20,138.36524963378906
2021-05-21,136.76510620117188
2021-05-24,138.638427734375
2021-05-25,139.780029296875
2021-05-26,140.49232482910156
2021-05-27,139.4580535888672
2021-05-28,139.4580535888672
2021-06-01,140.29818725585938
2021-06-02,138.1295166015625
2021-06-03,138.7058868408203
2021-06-04,141.8513946533203
2021-06-07,142.34957885742188
2021-06-08,142.13465881347656
2021-06-09,142.44729614257812
2021-06-10,142.291015625
2021-06-11,143.00411987304688
2021-06-14,145.11415100097656
2021-06-15,141.4508514404297
2021-06-16,139.3018035888672
2021-06-17,138.64727783203125
2021-06-18,137.85598754882812
2021-06-21,137.69972229003906
2021-06-22,137.60198974609375
2021-06-23,135.413818359375
2021-06-24,135.44314575195312
2021-06-25,135.384521484375
2021-06-28,139.67295837402344
2021-06-29,140.76705932617188
2021-06-30,140.50331115722656
2021-07-01,138.85240173339844
2021-07-02,140.09303283691406
2021-07-06,139.69247436523438
2021-07-07,139.6436767578125
2021-07-08,137.20147705078125
2021-07-09,137.72901916503906
2021-07-12,138.11976623535156
2021-07-13,139.9367218017578
2021-07-14,139.80972290039062
2021-07-15,139.36038208007812
2021-07-16,139.7902374267578
2021-07-19,137.9732208251953
2021-07-20,137.80714416503906
2021-07-21,137.46522521972656
2021-07-22,138.99893188476562
2021-07-23,141.63650512695312
2021-07-26,141.89044189453125
2021-07-27,138.64727783203125
2021-07-28,140.2395477294922
2021-07-29,140.063720703125
2021-07-30,140.6303253173828
2021-08-02,140.77685546875
2021-08-03,136.5665283203125
2021-08-04,136.67398071289062
2021-08-05,133.7042694091797
2021-08-06,133.1865692138672
2021-08-09,133.0106658935547
2021-08-10,133.860595703125
2021-08-11,135.10122680664062
2021-08-12,135.77523803710938
2021-08-13,135.47244262695312
2021-08-16,136.7619171142578
2021-08-17,137.77783203125
2021-08-18,136.7521209716797
2021-08-19,137.34803771972656
2021-08-20,136.92796325683594
2021-08-23,139.5166778564453
2021-08-24,139.27244567871094
2021-08-25,138.5789031982422
2021-08-26,138.1979217529297
2021-08-27,139.63394165039062
2021-08-30,139.97581481933594
2021-08-31,142.01991271972656
2021-09-01,143.21307373046875
2021-09-02,142.2056884765625
2021-09-03,143.37936401367188
2021-09-07,142.02967834472656
2021-09-08,140.93426513671875
2021-09-09,139.18359375
2021-09-10,141.94166564941406
2021-09-13,141.5015411376953
2021-09-14,142.1763916015625
2021-09-15,134.0293731689453
2021-09-16,132.97311401367188
2021-09-17,130.93882751464844
2021-09-20,127.2320327758789
2021-09-21,123.97521209716797
2021-09-22,123.62311553955078
2021-09-23,125.08039855957031
2021-09-24,127.04624938964844
2021-09-27,129.08055114746094
2021-09-28,130.83123779296875
2021-09-29,134.9096221923828
2021-09-30,139.12496948242188
2021-10-01,140.43545532226562
2021-10-04,140.0149383544922
2021-10-05,140.92445373535156
2021-10-06,131.1246337890625
2021-10-07,134.56727600097656
2021-10-08,136.9145965576172
2021-10-11,136.40602111816406
2021-10-12,133.66748046875
2021-10-13,133.44256591796875
2021-10-14,132.7285919189453
2021-10-15,131.7897186279297
2021-10-18,131.7505340576172
2021-10-19,133.74571228027344
2021-10-20,136.14190673828125
2021-10-21,137.54052734375
2021-10-22,137.9708709716797
2021-10-25,139.06625366210938
2021-10-26,139.2716064453125
2021-10-27,137.28622436523438
2021-10-28,137.14927673339844
2021-10-29,137.1688690185547
2021-11-01,138.6554718017578
2021-11-02,137.09063720703125
2021-11-03,136.43531799316406
2021-11-04,139.349853515625
2021-11-05,136.5037841796875
2021-11-08,135.124755859375
2021-11-09,136.7189483642578
2021-11-10,136.22015380859375
2021-11-11,141.27659606933594
2021-11-12,142.2448272705078
2021-11-15,138.17623901367188
2021-11-16,136.49398803710938
2021-11-17,135.10519409179688
2021-11-18,134.31298828125
2021-11-19,129.48153686523438
2021-11-22,123.5057601928711
2021-11-23,125.5889663696289
2021-11-24,123.86763763427734
2021-11-26,123.20257568359375
2021-11-29,122.13651275634766
2021-11-30,121.49102783203125
2021-12-01,117.58869171142578
2021-12-02,119.8968276977539
2021-12-03,122.5179443359375
2021-12-06,123.53510284423828
2021-12-07,123.54490661621094
2021-12-08,123.7603530883789
2021-12-09,122.41865539550781
2021-12-10,123.0454330444336
2021-12-13,124.1520767211914
2021-12-14,124.23043823242188
2021-12-15,126.23812103271484
2021-12-16,126.71797180175781
2021-12-17,124.8865966796875
2021-12-20,127.23704528808594
2021-12-21,129.4405975341797
2021-12-22,128.75503540039062
2021-12-23,129.8029327392578
2021-12-27,130.29261779785156
2021-12-28,130.71368408203125
2021-12-29,130.39056396484375
2021-12-30,131.68328857421875
2021-12-31,129.17613220214844
2022-01-03,132.1631317138672
2022-01-04,132.95643615722656
2022-01-05,131.0369110107422
2022-01-06,127.01179504394531
2022-01-07,129.05865478515625
2022-01-10,126.23812103271484
2022-01-11,128.09884643554688
2022-01-12,129.76373291015625
2022-01-13,128.13803100585938
2022-01-14,127.74629974365234
2022-01-18,131.1446533203125
2022-01-19,134.08270263671875
2022-01-20,136.01199340820312
2022-01-21,136.13937377929688
2022-01-24,132.40798950195312
2022-01-25,128.3045196533203
2022-01-26,127.29580688476562
2022-01-27,128.35348510742188
2022-01-28,129.19573974609375
2022-01-31,129.9204559326172
2022-02-01,127.25663757324219
2022-02-02,134.33729553222656
2022-02-03,134.45484924316406
2022-02-04,134.86619567871094
2022-02-07,133.5832061767578
2022-02-08,131.5951385498047
2022-02-09,132.98583984375
2022-02-10,132.19256591796875
2022-02-11,131.33070373535156
2022-02-14,130.6451873779297
2022-02-15,131.72247314453125
2022-02-16,130.53744506835938
2022-02-17,127.70710754394531
2022-02-18,126.65922546386719
2022-02-22,124.46549224853516
2022-02-23,124.1031265258789
2022-02-24,124.86701965332031
2022-02-25,126.0520248413086
2022-02-28,127.40352630615234
2022-03-01,125.50360870361328
2022-03-02,126.59066009521484
2022-03-03,125.19998931884766
2022-03-04,123.87786102294922
2022-03-07,123.65261840820312
2022-03-08,120.2987289428711
2022-03-09,123.0936279296875
2022-03-10,121.28921508789062
2022-03-11,119.96531677246094
2022-03-14,116.82715606689453
2022-03-15,118.46489715576172
2022-03-16,121.40689086914062
2022-03-17,122.76021575927734
2022-03-18,123.83894348144531
2022-03-21,123.13285827636719
2022-03-22,125.45706176757812
2022-03-23,122.23064422607422
2022-03-24,123.1426773071289
2022-03-25,124.85883331298828
2022-03-28,125.5649185180664
2022-03-29,126.33967590332031
2022-03-30,125.2118911743164
2022-03-31,124.06450653076172
2022-04-01,122.80923461914062
2022-04-04,125.54532623291016
2022-04-05,123.42706298828125
2022-04-06,122.43658447265625
2022-04-07,121.01461791992188
2022-04-08,121.09308624267578
2022-04-11,120.21046447753906
2022-04-12,121.18135070800781
2022-04-13,121.23037719726562
2022-04-14,120.23008728027344
2022-04-18,119.79859924316406
2022-04-19,121.64224243164062
2022-04-20,120.92636108398438
2022-04-21,121.34805297851562
2022-04-22,125.61396026611328
2022-04-25,125.67281341552734
2022-04-26,122.22084045410156
2022-04-27,118.87676239013672
2022-04-28,121.02442932128906
2022-04-29,115.7680435180664
2022-05-02,117.68034362792969
2022-05-03,120.14183044433594
2022-05-04,121.32843780517578
2022-05-05,117.29788970947266
2022-05-06,113.0614013671875
2022-05-09,109.87422180175781
2022-05-10,109.4427261352539
2022-05-11,118.16085052490234
2022-05-12,118.61196899414062
2022-05-13,122.52485656738281
2022-05-16,124.92748260498047
2022-05-17,125.9865951538086
2022-05-18,126.47696685791016
2022-05-19,127.50664520263672
2022-05-20,128.23236083984375
2022-05-23,131.1841583251953
2022-05-24,134.03787231445312
2022-05-25,134.69496154785156
2022-05-26,135.9992218017578
2022-05-27,135.8521270751953
2022-05-31,135.96983337402344
2022-06-01,136.83282470703125
2022-06-02,138.7647247314453
2022-06-03,138.27438354492188
2022-06-06,137.63694763183594
2022-06-07,138.43240356445312
2022-06-08,136.71389770507812
2022-06-09,133.36526489257812
2022-06-10,131.03793334960938
2022-06-13,126.4421615600586
2022-06-14,125.07720184326172
2022-06-15,126.93316650390625
2022-06-16,125.67621612548828
2022-06-17,126.22613525390625
2022-06-21,128.04286193847656
2022-06-22,126.70731353759766
2022-06-23,126.63858032226562
2022-06-24,127.85624694824219
2022-06-27,123.33907318115234
2022-06-28,120.66801452636719
2022-06-29,120.61892700195312
2022-06-30,119.46016693115234
2022-07-01,120.52073669433594
2022-07-05,122.50434875488281
2022-07-06,122.11155700683594
2022-07-07,123.33907318115234
2022-07-08,123.36851501464844
2022-07-11,121.61073303222656
2022-07-12,119.78422546386719
2022-07-13,119.48963165283203
2022-07-14,120.08865356445312
2022-07-15,120.94298553466797
2022-07-18,121.39471435546875
2022-07-19,124.4683609008789
2022-07-20,125.2932357788086
2022-07-21,127.86609649658203
2022-07-22,127.81697082519531
2022-07-25,127.58129119873047
2022-07-26,128.3963623046875
2022-07-27,129.80059814453125
2022-07-28,130.7825927734375
2022-07-29,128.86770629882812
2022-08-01,128.5142059326172
2022-08-02,126.56985473632812
2022-08-03,130.88082885742188
2022-08-04,130.841552734375
2022-08-05,130.1737823486328
2022-08-08,128.69094848632812
2022-08-09,126.95281982421875
2022-08-10,128.79898071289062
2022-08-11,127.3456039428711
2022-08-12,129.00518798828125
2022-08-15,129.2310791015625
2022-08-16,132.67788696289062
2022-08-17,130.7727813720703
2022-08-18,130.08538818359375
2022-08-19,128.13119506835938
2022-08-22,125.81370544433594
2022-08-23,124.44872283935547
2022-08-24,123.34888458251953
2022-08-25,125.31288146972656
2022-08-26,129.79078674316406
2022-08-29,127.26707458496094
2022-08-30,124.3757553100586
2022-08-31,124.76911926269531
2022-09-01,125.56571197509766
2022-09-02,123.2546157836914
2022-09-06,122.66455841064453
2022-09-07,123.47097778320312
2022-09-08,125.0346450805664
2022-09-09,126.79499053955078
2022-09-12,128.68321228027344
2022-09-13,125.47720336914062
2022-09-14,124.81829071044922
2022-09-15,122.34986877441406
2022-09-16,119.72406768798828
2022-09-19,120.89435577392578
2022-09-20,118.54393005371094
2022-09-21,115.54443359375
2022-09-22,115.47561645507812
2022-09-23,113.72508239746094
2022-09-26,112.91864776611328
2022-09-27,113.23336029052734
2022-09-28,116.39021301269531
2022-09-29,115.52476501464844
2022-09-30,113.7939224243164
2022-10-03,117.87519836425781
2022-10-04,121.15990447998047
2022-10-05,120.63867950439453
2022-10-06,121.61228942871094
2022-10-07,120.28461456298828
2022-10-10,118.68160247802734
2022-10-11,117.27529907226562
2022-10-12,116.91143035888672
2022-10-13,119.21267700195312
2022-10-14,118.37675476074219
2022-10-17,119.02581024169922
2022-10-18,121.32707977294922
2022-10-19,121.78927612304688
2022-10-20,121.50408935546875
2022-10-21,122.92024993896484
2022-10-24,123.58898162841797
2022-10-25,125.62471771240234
2022-10-26,125.14282989501953
2022-10-27,125.58535766601562
2022-10-28,126.1164321899414
2022-10-31,123.87417602539062
2022-11-01,124.17906188964844
2022-11-02,126.52948760986328
2022-11-03,124.52326965332031
2022-11-04,127.61126708984375
2022-11-07,130.22718811035156
2022-11-08,126.9621810913086
2022-11-09,124.19873046875
2022-11-10,128.14231872558594
2022-11-11,129.05690002441406
2022-11-14,127.41458129882812
2022-11-15,126.64749145507812
2022-11-16,127.19818878173828
2022-11-17,126.5196304321289
2022-11-18,127.92594146728516
2022-11-21,125.74272155761719
2022-11-22,127.375244140625
2022-11-23,128.7914276123047
2022-11-25,127.35555267333984
2022-11-28,126.22462463378906
2022-11-29,125.66321563720703
2022-11-30,128.80503845214844
2022-12-01,129.63233947753906
2022-12-02,130.28237915039062
2022-12-05,128.45046997070312
2022-12-06,125.4859390258789
2022-12-07,124.1070785522461
2022-12-08,124.20557403564453
2022-12-09,122.82671356201172
2022-12-12,123.70327758789062
2022-12-13,123.78206634521484
2022-12-14,122.7774658203125
2022-12-15,119.8917236328125
2022-12-16,119.90156555175781
2022-12-19,118.96590423583984
2022-12-20,118.60148620605469
2022-12-21,120.65007781982422
2022-12-22,119.58639526367188
2022-12-23,119.67504119873047
2022-12-27,118.9954605102539
2022-12-28,117.73478698730469
2022-12-29,120.34476470947266
2022-12-30,120.33491516113281
2023-01-03,120.94554901123047
2023-01-04,123.12217712402344
2023-01-05,122.79716491699219
2023-01-06,122.01908874511719
2023-01-09,122.29486083984375
2023-01-10,122.14713287353516
2023-01-11,124.20557403564453
2023-01-12,124.5108871459961
2023-01-13,123.56539916992188
2023-01-17,121.83194732666016
2023-01-18,121.84181213378906
2023-01-19,121.85165405273438
2023-01-20,124.08737182617188
2023-01-23,125.4859390258789
2023-01-24,125.56472778320312
2023-01-25,125.63365936279297
2023-01-26,127.18978881835938
2023-01-27,126.92386627197266
2023-01-30,127.04207611083984
2023-01-31,126.73674774169922
2023-02-01,114.99675750732422
2023-02-02,114.23837280273438
2023-02-03,112.19965362548828
2023-02-06,110.49579620361328
2023-02-07,112.45573425292969
2023-02-08,110.99807739257812
2023-02-09,110.1018295288086
2023-02-10,110.11167907714844
2023-02-13,111.49050903320312
2023-02-14,110.55487823486328
2023-02-15,111.62840270996094
2023-02-16,110.03288269042969
2023-02-17,110.30865478515625
2023-02-21,110.3283462524414
2023-02-22,110.05256652832031
2023-02-23,109.04798126220703
2023-02-24,108.11231994628906
2023-02-27,109.41239166259766
2023-02-28,109.45185089111328
2023-03-01,108.92897033691406
2023-03-02,110.78374481201172
2023-03-03,111.6322021484375
2023-03-06,111.67166137695312
2023-03-07,110.6357650756836
2023-03-08,110.77387237548828
2023-03-09,108.9782943725586
2023-03-10,107.72532653808594
2023-03-13,108.593505859375
2023-03-14,109.98461151123047
2023-03-15,109.88594818115234
2023-03-16,112.00711059570312
2023-03-17,111.82950592041016
2023-03-20,111.99723815917969
2023-03-21,113.39820861816406
2023-03-22,111.64208984375
2023-03-23,114.48343658447266
2023-03-24,117.43334197998047
2023-03-27,117.04857635498047
2023-03-28,116.43688201904297
2023-03-29,117.5911865234375
2023-03-30,117.50238800048828
2023-03-31,118.83428192138672
2023-04-03,119.72220611572266
2023-04-04,123.5600357055664
2023-04-05,124.45783996582031
2023-04-06,123.48110961914062
2023-04-10,123.93492889404297
2023-04-11,123.99413299560547
2023-04-12,124.4380874633789
2023-04-13,126.55924224853516
2023-04-14,126.15475463867188
2023-04-17,126.3619384765625
2023-04-18,127.3090591430664
2023-04-19,126.4605941772461
2023-04-20,127.07228088378906
2023-04-21,127.37811279296875
2023-04-24,127.74314880371094
2023-04-25,127.76289367675781
2023-04-26,123.44163513183594
2023-04-27,124.81300354003906
2023-04-28,125.57266998291016
2023-05-01,125.71077728271484
2023-05-02,124.46769714355469
2023-05-03,123.3923110961914
2023-05-04,122.3465347290039
2023-05-05,123.73760223388672
2023-05-08,124.07305908203125
2023-05-09,123.72773742675781
2023-05-10,123.06673431396484
2023-05-11,123.63895416259766
2023-05-12,123.78694915771484
2023-05-15,123.16539764404297
2023-05-16,123.44163513183594
2023-05-17,123.24430847167969
2023-05-18,124.51702880859375
2023-05-19,123.97440338134766
2023-05-22,123.44163513183594
2023-05-23,123.6093521118164
2023-05-24,123.7178955078125
2023-05-25,123.7178955078125
2023-05-26,125.09910583496094
2023-05-30,124.97065734863281
2023-05-31,126.47252655029297
2023-06-01,126.16622924804688
2023-06-02,126.14645385742188
2023-06-05,125.50420379638672
2023-06-06,125.6227798461914
2023-06-07,124.7334976196289
2023-06-08,125.59313201904297
2023-06-09,124.43708801269531
2023-06-12,124.25924682617188
2023-06-13,125.80062103271484
2023-06-14,126.37369537353516
2023-06-15,127.45069122314453
2023-06-16,127.12464141845703
2023-06-20,124.9014892578125
2023-06-21,123.08344268798828
2023-06-22,123.95293426513672
2023-06-23,123.75532531738281
2023-06-26,125.15837860107422
2023-06-27,129.81216430664062
2023-06-28,129.1007843017578
2023-06-29,128.89324951171875
2023-06-30,128.15223693847656
2023-07-03,129.3082733154297
2023-07-05,128.3399658203125
2023-07-06,129.1403045654297
2023-07-07,127.65818786621094
2023-07-10,128.98219299316406
2023-07-11,135.691162109375
2023-07-12,133.8533935546875
2023-07-13,135.07859802246094
2023-07-14,135.7010498046875
2023-07-17,136.60018920898438
2023-07-18,137.2128143310547
2023-07-19,135.20701599121094
2023-07-20,135.49356079101562
2023-07-21,135.4243927001953
2023-07-24,136.11602783203125
2023-07-25,137.90444946289062
2023-07-26,137.1732635498047
2023-07-27,135.86903381347656
2023-07-28,136.20498657226562
2023-07-31,134.72286987304688
2023-08-01,134.49562072753906
2023-08-02,124.80268096923828
2023-08-03,122.35227966308594
2023-08-04,121.12706756591797
2023-08-07,122.56965637207031
2023-08-08,121.14683532714844
2023-08-09,120.46507263183594
2023-08-10,120.81089782714844
2023-08-11,120.7417221069336
2023-08-14,121.30493927001953
2023-08-15,119.97103118896484
2023-08-16,119.2398681640625
2023-08-17,117.3427734375
2023-08-18,116.94757080078125
2023-08-21,117.18468475341797
2023-08-22,118.10359191894531
2023-08-23,119.87223052978516
2023-08-24,118.47904968261719
2023-08-25,118.26168060302734
2023-08-28,119.08177185058594
2023-08-29,119.70523071289062
2023-08-30,119.29949951171875
2023-08-31,118.73542022705078
2023-09-01,119.28959655761719
2023-09-05,120.23963928222656
2023-09-06,119.64586639404297
2023-09-07,119.68545532226562
2023-09-08,120.48705291748047
2023-09-11,121.25894165039062
2023-09-12,120.16046905517578
2023-09-13,120.41777038574219
2023-09-14,121.763671875
2023-09-15,119.21041870117188
2023-09-18,119.34896850585938
2023-09-19,119.74481201171875
2023-09-20,119.20053100585938
2023-09-21,117.56766510009766
2023-09-22,117.76557922363281
2023-09-25,118.46820068359375
2023-09-26,117.13221740722656
2023-09-27,116.74626159667969
2023-09-28,117.94371032714844
2023-09-29,119.15104675292969
2023-10-02,118.90364837646484
2023-10-03,118.30986785888672
2023-10-04,119.46773529052734
2023-10-05,119.5370101928711
2023-10-06,121.68450164794922
2023-10-09,123.2975845336914
2023-10-10,126.75138092041016
2023-10-11,128.34469604492188
2023-10-12,130.20518493652344
2023-10-13,129.92808532714844
2023-10-16,129.77963256835938
2023-10-17,129.6707763671875
2023-10-18,128.90875244140625
2023-10-19,126.89983367919922
2023-10-20,126.1180191040039
2023-10-23,125.0294189453125
2023-10-24,126.33575439453125
2023-10-25,124.41586303710938
2023-10-26,122.35743713378906
2023-10-27,121.35790252685547
2023-10-30,120.05159759521484
2023-10-31,122.50588989257812
2023-11-01,122.49598693847656
2023-11-02,126.94931030273438
2023-11-03,128.24569702148438
2023-11-06,127.92902374267578
2023-11-07,128.38424682617188
2023-11-08,129.38380432128906
2023-11-09,129.93797302246094
2023-11-10,131.40261840820312
2023-11-13,131.3036346435547
2023-11-14,133.04541015625
2023-11-15,133.03550720214844
2023-11-16,132.0161895751953
2023-11-17,132.31307983398438
2023-11-20,134.04495239257812
2023-11-21,134.6486053466797
2023-11-22,134.70797729492188
2023-11-24,135.18301391601562
2023-11-27,135.69760131835938
2023-11-28,135.15255737304688
2023-11-29,136.0741729736328
2023-11-30,136.7678985595703
2023-12-01,136.5201416015625
2023-12-04,136.57958984375
2023-12-05,136.18319702148438
2023-12-06,135.90570068359375
2023-12-07,134.3300323486328
2023-12-08,135.90570068359375
2023-12-11,137.31292724609375
2023-12-12,139.0670166015625
2023-12-13,141.06883239746094
2023-12-14,139.58233642578125
2023-12-15,137.58050537109375
2023-12-18,136.84716796875
2023-12-19,137.30303955078125
2023-12-20,135.3606719970703
2023-12-21,136.63906860351562
2023-12-22,136.430908203125
2023-12-26,136.05435180664062
2023-12-27,135.47958374023438
2023-12-28,135.52915954589844
2023-12-29,135.57867431640625
2024-01-02,134.55795288085938
2024-01-03,134.48858642578125
2024-01-04,134.74623107910156
2024-01-05,134.38949584960938
2024-01-08,135.23184204101562
2024-01-09,136.48048400878906
2024-01-10,136.3913116455078
2024-01-11,136.5003204345703
2024-01-12,136.67869567871094
2024-01-16,135.9156036376953
2024-01-17,135.39039611816406
2024-01-18,136.78768920898438
2024-01-19,136.48048400878906
2024-01-22,136.3318634033203
2024-01-23,137.9174346923828
2024-01-24,136.61923217773438
2024-01-25,137.68954467773438
2024-01-26,138.16519165039062
2024-01-29,137.332763671875
2024-01-30,136.31204223632812
2024-01-31,136.34176635742188
2024-02-01,136.67869567871094
2024-02-02,135.41021728515625
2024-02-05,133.7255096435547
2024-02-06,134.04263305664062
2024-02-07,135.5192413330078
2024-02-08,137.60031127929688
2024-02-09,139.344482421875
2024-02-12,136.31204223632812
2024-02-13,137.7489776611328
2024-02-14,141.79226684570312
2024-02-15,142.75352478027344
2024-02-16,140.99945068359375
2024-02-20,139.77061462402344
2024-02-21,139.89942932128906
2024-02-22,142.22830200195312
2024-02-23,141.306640625
2024-02-26,141.2967529296875
2024-02-27,138.42893981933594
2024-02-28,139.0044708251953
2024-02-29,138.40908813476562
2024-03-01,139.7090301513672
2024-03-04,137.74423217773438
2024-03-05,135.23367309570312
2024-03-06,134.47950744628906
2024-03-07,134.36041259765625
2024-03-08,134.11231994628906
2024-03-11,135.68019104003906
2024-03-12,134.9756622314453
2024-03-13,135.90846252441406
2024-03-14,133.99325561523438
2024-03-15,133.23910522460938
2024-03-18,131.46282958984375
2024-03-19,131.9391632080078
2024-03-20,131.30406188964844
2024-03-21,131.46282958984375
2024-03-22,130.68882751464844
2024-03-25,129.51788330078125
2024-03-26,129.89495849609375
2024-03-27,130.85752868652344
2024-03-28,131.6513671875
2024-04-01,132.3162384033203
2024-04-02,131.13536071777344
2024-04-03,131.50254821777344
2024-04-04,128.56524658203125
2024-04-05,129.2896270751953
2024-04-08,129.0018768310547
2024-04-09,129.68658447265625
2024-04-10,128.30726623535156
2024-04-11,128.18817138671875
2024-04-12,126.90808868408203
2024-04-15,126.07453155517578
2024-04-16,125.57838439941406
2024-04-17,125.3402099609375
2024-04-18,124.6654281616211
2024-04-19,126.2928466796875
2024-04-22,126.14399719238281
2024-04-23,126.1638412475586
2024-04-24,127.15616607666016
2024-04-25,126.33252716064453
2024-04-26,126.91800689697266
2024-04-29,126.91800689697266
2024-04-30,125.84629821777344
2024-05-01,127.19585418701172
2024-05-02,127.51338958740234
2024-05-03,128.56524658203125
2024-05-06,129.55758666992188
2024-05-07,129.24005126953125
2024-05-08,124.27842712402344
2024-05-09,126.14399719238281
2024-05-10,126.1638412475586
2024-05-13,125.60814666748047
2024-05-14,125.61805725097656
2024-05-15,126.64014434814453
2024-05-16,128.16836547851562
2024-05-17,126.76915740966797
2024-05-20,127.31494903564453
2024-05-21,127.8607177734375
2024-05-22,134.1024169921875
2024-05-23,133.36810302734375
2024-05-24,134.02304077148438
2024-05-28,131.03616333007812
2024-05-29,131.1454620361328
2024-05-30,130.4100799560547
2024-05-31,132.04977416992188
2024-06-03,132.15908813476562
2024-06-04,135.6471405029297
2024-06-05,137.09803771972656
2024-06-06,136.54151916503906
2024-06-07,135.96514892578125
2024-06-10,135.3589630126953
2024-06-11,135.83595275878906
2024-06-12,134.7825927734375
2024-06-13,135.02108764648438
2024-06-14,135.1304168701172
2024-06-17,136.67071533203125
2024-06-18,137.26698303222656
2024-06-20,136.9887237548828
2024-06-21,138.191162109375
2024-06-24,140.34759521484375
2024-06-25,139.75137329101562
2024-06-26,139.69174194335938
2024-06-27,138.64830017089844
2024-06-28,138.45947265625
2024-07-01,136.4620361328125
2024-07-02,138.0122833251953
2024-07-03,137.80360412597656
2024-07-05,137.39614868164062
2024-07-08,138.7774658203125
2024-07-09,139.70166015625
2024-07-10,143.18971252441406
2024-07-11,144.3921661376953
2024-07-12,144.76979064941406
2024-07-15,144.0940399169922
2024-07-16,145.7536163330078
2024-07-17,146.08154296875
2024-07-18,145.6045379638672
2024-07-19,139.32403564453125
2024-07-22,142.35498046875
2024-07-23,141.1028594970703
2024-07-24,140.29791259765625
2024-07-25,140.91403198242188
2024-07-26,144.27291870117188
2024-07-29,146.92625427246094
2024-07-30,148.18829345703125
2024-07-31,149.99693298339844
2024-08-01,147.47280883789062
2024-08-02,147.9001007080078
2024-08-05,144.59091186523438
2024-08-06,144.81947326660156
2024-08-07,143.50772094726562
2024-08-08,146.10142517089844
2024-08-09,145.68406677246094
2024-08-12,144.99835205078125
2024-08-13,145.982177734375
2024-08-14,145.544921875
2024-08-15,146.1212921142578
2024-08-16,147.43304443359375
2024-08-19,148.73486328125
2024-08-20,148.11875915527344
2024-08-21,148.8143768310547
2024-08-22,146.2107391357422
2024-08-23,146.69766235351562
2024-08-26,147.6317901611328
2024-08-27,148.27774047851562
2024-08-28,148.5762481689453
2024-08-29,149.50161743164062
2024-08-30,151.06381225585938
2024-09-03,145.5016326904297
2024-09-04,146.347412109375
2024-09-05,145.1832275390625
2024-09-06,143.2926788330078
2024-09-09,143.5812530517578
2024-09-10,143.083740234375
2024-09-11,142.98423767089844
2024-09-12,144.02902221679688
2024-09-13,145.1036376953125
2024-09-16,145.79019165039062
2024-09-17,141.87974548339844
2024-09-18,139.7504425048828
2024-09-19,140.0389862060547
2024-09-20,138.85491943359375
2024-09-23,140.36734008789062
2024-09-24,140.93450927734375
2024-09-25,140.77528381347656
2024-09-26,142.8946990966797
2024-09-27,143.92950439453125
2024-09-30,142.72552490234375
2024-10-01,141.5414581298828
2024-10-02,142.4867401123047
2024-10-03,139.98922729492188
2024-10-04,141.9892120361328
2024-10-07,142.18821716308594
2024-10-08,142.6160888671875
2024-10-09,143.0240478515625
2024-10-10,141.2628631591797
2024-10-11,142.5265350341797
2024-10-14,143.45187377929688
2024-10-15,145.69068908691406
2024-10-16,144.31756591796875
2024-10-17,143.4817352294922
2024-10-18,143.63099670410156
2024-10-21,144.98422241210938
2024-10-22,144.9941864013672
2024-10-23,144.13845825195312
2024-10-24,144.3076171875
2024-10-25,144.4767608642578
2024-10-28,143.46185302734375
2024-10-29,144.89468383789062
2024-10-30,148.3971405029297
2024-10-31,150.0986328125
2024-11-01,150.50657653808594
2024-11-04,152.1284637451172
2024-11-05,154.7254638671875
2024-11-06,157.1732177734375
2024-11-07,159.2030487060547
2024-11-08,157.1234588623047
2024-11-11,158.59608459472656
2024-11-12,162.05874633789062
2024-11-13,161.90951538085938
2024-11-14,163.3025360107422
2024-11-15,160.5562744140625
2024-11-18,163.19308471679688
2024-11-19,165.3025360107422
2024-11-20,165.879638671875
2024-11-21,167.13336181640625
2024-11-22,165.83982849121094
2024-11-25,163.3224334716797
2024-11-26,164.1980438232422
2024-11-27,162.47470092773438
2024-11-29,163.04249572753906
2024-12-02,165.32373046875
2024-12-03,167.05703735351562
2024-12-04,166.7781219482422
2024-12-05,164.98501586914062
2024-12-06,166.36968994140625
2024-12-09,164.9750518798828
2024-12-10,164.666259765625
2024-12-11,163.29151916503906
2024-12-12,161.9666290283203
2024-12-13,157.0156707763672
2024-12-16,155.80035400390625
2024-12-17,154.196533203125
2024-12-18,149.34519958496094
2024-12-19,147.322998046875
2024-12-20,147.23333740234375
2024-12-23,146.73524475097656
2024-12-24,148.60804748535156
2024-12-26,148.4984893798828
2024-12-27,147.55210876464844
2024-12-30,145.97816467285156
